<?xml version="1.0" encoding="UTF-8"?>
<!DOCTYPE mapper PUBLIC "-//mybatis.org//DTD Mapper 3.0//EN" "http://mybatis.org/dtd/mybatis-3-mapper.dtd">
<mapper namespace="com.bozhilin.buildingrobot.trackingpositioning.node.dao.mapper.NodeSearchDao">
    <resultMap id="searchNodeByKeyDtoList" type="com.bozhilin.buildingrobot.trackingpositioning.node.dto.SearchNodeByKeyDto" autoMapping="true">
    </resultMap>

    <select id="queryBasestationsByKey" resultMap="searchNodeByKeyDtoList">
        SELECT
        a.id id,
        a.name name,
        a.category_id category_id,
        '' carrier_id ,
        b.longitude,
        b.latitude,
        b.height
        FROM node_define a, node_basestation_property b
        WHERE a.server_id = b.server_id
        AND a.id = b.id
        <if test="key != null and key != ''">
            AND (a.id = #{key} OR a.name LIKE concat('%', #{key}, '%'))
        </if>
        <if test="serverId != null and serverId != ''">
            AND a.server_id = #{serverId}
        </if>
    </select>

    <select id="queryLabelsByKey" resultMap="searchNodeByKeyDtoList">
        SELECT
        t.id,
        t.name ,
        t.category_id,
        t.carrier_id,
        IFNULL(substring_index(t.coordinate,',',1), 0) as longitude,
        IFNULL(substring_index(substring_index(t.coordinate,',',2),',',-1), 0) as latitude,
        IFNULL(substring_index(t.coordinate,',',-1), 0) as height,
        t.time
        FROM (
        SELECT a.id, a.name, a.category_id, a.carrier_id, substring_index(substring_index(b.coordinate_list, '#', -2), '#', 1) as coordinate, b.time from (
        SELECT concat(a.id) id, a.name, a.category_id, b.carrier_id FROM node_define a, node_label_property b
        WHERE a.server_id = b.server_id AND a.id = b.id
        <if test="key != null and key != ''">
            AND (a.id = #{key} OR a.name LIKE concat('%', #{key}, '%'))
        </if>
        <if test="serverId != null and serverId != ''">
            AND a.server_id = #{serverId}
        </if>
        AND b.carrier_id IN
        <foreach collection="carrierIdList" item="id" open="(" separator="," close=")">
            #{id}
        </foreach>
        ) a LEFT JOIN track_merge b
        ON a.id = b.tag_code AND b.time = (SELECT max(time) FROM track_merge WHERE tag_code = a.id)
        ) t
    </select>
</mapper>