<?xml version="1.0" encoding="UTF-8"?>
<!DOCTYPE mapper PUBLIC "-//mybatis.org//DTD Mapper 3.0//EN" "http://mybatis.org/dtd/mybatis-3-mapper.dtd">
<mapper namespace="com.bozhilin.buildingrobot.trackingpositioning.node.dao.NodeTreeDao">
    <resultMap id="nodeTreeList" type="com.bozhilin.buildingrobot.trackingpositioning.common.model.NodeTree" autoMapping="true">
    </resultMap>
    <select id="queryNodeTree" resultMap="nodeTreeList">
        select * from node_tree where server_id = #{id} and status = 1
        <if test="id!=null">
            id=#{id}
        </if>
    </select>
    <select id="getNodeTreeByServerId" resultMap="nodeTreeList">
        select * from node_tree where server_id = #{id} and status = 1
        <if test="id!=null">
            id=#{id}
        </if>
    </select>
</mapper>