<?xml version="1.0" encoding="UTF-8"?>
<!DOCTYPE mapper PUBLIC "-//mybatis.org//DTD Mapper 3.0//EN" "http://mybatis.org/dtd/mybatis-3-mapper.dtd">
<mapper namespace="com.bozhilin.buildingrobot.trackingpositioning.node.dao.mapper.PositionDao">

    <resultMap id="PositionResultMap" type="com.bozhilin.buildingrobot.trackingpositioning.node.dto.PositionDTO">
        <result column="tag_code" jdbcType="VARCHAR" property="id" />
        <result column="time" jdbcType="TIMESTAMP" property="time" />
        <result column="coordinate" jdbcType="VARCHAR" property="coordinate" />
    </resultMap>

    <select id="listRecentlyPositions" resultMap="PositionResultMap">
        SELECT t.tag_code, substring_index(substring_index(t.coordinate_list, '#', -2), '#', 1) as coordinate, t.time
        FROM track_merge t,
        (select tag_code, max(time)as time from track_merge where tag_code in
        <foreach item="item"  collection="tagCodes" open="(" separator="," close=")">
            #{item}
        </foreach>
        group by tag_code) t2
        WHERE t.tag_code = t2.tag_code
        AND t.time = t2.time
    </select>
</mapper>
