<?xml version="1.0" encoding="UTF-8"?>
<!DOCTYPE mapper PUBLIC "-//mybatis.org//DTD Mapper 3.0//EN"
        "http://mybatis.org/dtd/mybatis-3-mapper.dtd">
<mapper namespace="com.bozhilin.buildingrobot.trackingpositioning.node.dao.mapper.StandardPointDao">

    <insert id="save">
        insert into track_standard_point(area_code,longitude,latitude,area_desc,created_timestamp
        ,modified_timestamp)
        values(#{standardPoint.areaCode}, #{standardPoint.longitude}, #{standardPoint.latitude},
        #{standardPoint.areaDesc},CURRENT_TIMESTAMP,CURRENT_TIMESTAMP)

    </insert>

    <update id="update">
        update track_standard_point set
        longitude = #{standardPoint.longitude},
        latitude = #{standardPoint.latitude},
        area_desc = #{standardPoint.areaDesc},
        modified_timestamp = CURRENT_TIMESTAMP
        where area_code = #{standardPoint.areaCode}
    </update>

    <delete id="deleteByAreaCode">
        delete from track_standard_point where area_code = #{areaCode}
    </delete>

    <select id="findByAreaCode"
            resultType="com.bozhilin.buildingrobot.trackingpositioning.common.model.StandardPoint">
        select * from track_standard_point where area_code = #{areaCode}
    </select>

</mapper>