<?xml version="1.0" encoding="UTF-8"?>
<!DOCTYPE mapper PUBLIC "-//mybatis.org//DTD Mapper 3.0//EN" "http://mybatis.org/dtd/mybatis-3-mapper.dtd">
<mapper namespace="com.bozhilin.buildingrobot.trackingpositioning.node.dao.mapper.TrackDao">

    <resultMap id="TagTrackPointResultMap" type="com.bozhilin.buildingrobot.trackingpositioning.node.dto.TagTrackPointDTO">
        <result column="tag_code" jdbcType="VARCHAR" property="tagCode" />
        <result column="time" jdbcType="TIMESTAMP" property="time" />
        <result column="x_axis" jdbcType="DECIMAL" property="x" />
        <result column="y_axis" jdbcType="DECIMAL" property="y" />
        <result column="z_axis" jdbcType="DECIMAL" property="z" />
    </resultMap>

    <select id="listTagTrack" resultMap="TagTrackPointResultMap">

        select  t.tag_code,t.time,
        substring_index(t.coordinate,',',1) as x_axis,
        substring_index(substring_index(t.coordinate,',',2),',',-1) as y_axis,
        substring_index(t.coordinate,',',-1) as z_axis
        from (
            select substring_index(substring_index(coordinate_list, '#', -2), '#', 1) as coordinate ,time,tag_code
            from track_merge tt
            where tt.time &gt;= #{startTime} and tt.time &lt; #{endTime} and tt.tag_code in
            <foreach collection="tagidList" separator="," item="item" open="(" close=")">
                #{item}
            </foreach>
        ) t
    </select>

    <select id="getLastTrack" resultMap="TagTrackPointResultMap">
        select  t.tag_code,t.time,
        substring_index(t.coordinate,',',1) as x_axis,
        substring_index(substring_index(t.coordinate,',',2),',',-1) as y_axis,
        substring_index(t.coordinate,',',-1) as z_axis
        from (
            select substring_index(substring_index(coordinate_list, '#', -2), '#', 1) as coordinate ,time,tag_code
            from track_merge tt
            where tt.time &gt;= #{startTime} and tt.time &lt; #{endTime} and tt.tag_code = #{tagCode}
            order by tt.time desc limit 1
        ) t
    </select>

    <update id="saveTrackMerge">
        insert into track_merge(tag_code, coordinate_list, time, create_time) values
        <foreach collection="trackMergeList" separator="," item="item" index="index">
            (#{item.tagCode,jdbcType=VARCHAR}, #{item.coordinateList,jdbcType=VARCHAR},
            #{item.time,jdbcType=TIMESTAMP}, now())
        </foreach>
    </update>

    <update id="saveTrackSumCm">
        insert into track_sum_cm(tag_code, coordinate, time, x_axis, y_axis, z_axis,
            speed, create_time, modify_time) values
        <foreach collection="trackSumCmList" separator="," item="item" index="index">
            (#{item.tagCode,jdbcType=VARCHAR}, #{item.coordinate,jdbcType=VARCHAR},
            #{item.time,jdbcType=TIMESTAMP}, #{item.xAxis,jdbcType=DECIMAL},
            #{item.yAxis,jdbcType=DECIMAL}, #{item.zAxis,jdbcType=DECIMAL},
            #{item.speed,jdbcType=DECIMAL}, #{item.createTime,jdbcType=TIMESTAMP},
            #{item.modifyTime,jdbcType=TIMESTAMP})
        </foreach>
    </update>

    <update id="saveTrackSumDm">
        insert into track_sum_dm(tag_code, coordinate, time, x_axis, y_axis, z_axis,
        speed, create_time, modify_time) values
        <foreach collection="trackSumDmList" separator="," item="item" index="index">
            (#{item.tagCode,jdbcType=VARCHAR}, #{item.coordinate,jdbcType=VARCHAR},
            #{item.time,jdbcType=TIMESTAMP}, #{item.xAxis,jdbcType=DECIMAL},
            #{item.yAxis,jdbcType=DECIMAL}, #{item.zAxis,jdbcType=DECIMAL},
            #{item.speed,jdbcType=DECIMAL}, #{item.createTime,jdbcType=TIMESTAMP},
            #{item.modifyTime,jdbcType=TIMESTAMP})
        </foreach>
    </update>

    <update id="saveTrackSumM">
        insert into track_sum_m(tag_code, coordinate, time, x_axis, y_axis, z_axis,
        speed, create_time, modify_time) values
        <foreach collection="trackSumMList" separator="," item="item" index="index">
            (#{item.tagCode,jdbcType=VARCHAR}, #{item.coordinate,jdbcType=VARCHAR},
            #{item.time,jdbcType=TIMESTAMP}, #{item.xAxis,jdbcType=DECIMAL},
            #{item.yAxis,jdbcType=DECIMAL}, #{item.zAxis,jdbcType=DECIMAL},
            #{item.speed,jdbcType=DECIMAL}, #{item.createTime,jdbcType=TIMESTAMP},
            #{item.modifyTime,jdbcType=TIMESTAMP})
        </foreach>
    </update>
</mapper>
