<?xml version="1.0" encoding="UTF-8"?>
<!DOCTYPE mapper PUBLIC "-//mybatis.org//DTD Mapper 3.0//EN" "http://mybatis.org/dtd/mybatis-3-mapper.dtd">
<mapper namespace="com.bozhilin.buildingrobot.trackingpositioning.common.mapper.IconDataMapper">
  <resultMap id="BaseResultMap" type="com.bozhilin.buildingrobot.trackingpositioning.common.model.IconData">
    <id column="id" jdbcType="BIGINT" property="id" />
    <result column="name" jdbcType="VARCHAR" property="name" />
    <result column="icon_type" jdbcType="INTEGER" property="iconType" />
    <result column="size" jdbcType="INTEGER" property="size" />
    <result column="icon_file_type" jdbcType="VARCHAR" property="iconFileType" />
    <result column="icon_file_id" jdbcType="BIGINT" property="iconFileId" />
  </resultMap>
  <sql id="Example_Where_Clause">
    <where>
      <foreach collection="oredCriteria" item="criteria" separator="or">
        <if test="criteria.valid">
          <trim prefix="(" prefixOverrides="and" suffix=")">
            <foreach collection="criteria.criteria" item="criterion">
              <choose>
                <when test="criterion.noValue">
                  and ${criterion.condition}
                </when>
                <when test="criterion.singleValue">
                  and ${criterion.condition} #{criterion.value}
                </when>
                <when test="criterion.betweenValue">
                  and ${criterion.condition} #{criterion.value} and #{criterion.secondValue}
                </when>
                <when test="criterion.listValue">
                  and ${criterion.condition}
                  <foreach close=")" collection="criterion.value" item="listItem" open="(" separator=",">
                    #{listItem}
                  </foreach>
                </when>
              </choose>
            </foreach>
          </trim>
        </if>
      </foreach>
    </where>
  </sql>
  <sql id="Update_By_Example_Where_Clause">
    <where>
      <foreach collection="example.oredCriteria" item="criteria" separator="or">
        <if test="criteria.valid">
          <trim prefix="(" prefixOverrides="and" suffix=")">
            <foreach collection="criteria.criteria" item="criterion">
              <choose>
                <when test="criterion.noValue">
                  and ${criterion.condition}
                </when>
                <when test="criterion.singleValue">
                  and ${criterion.condition} #{criterion.value}
                </when>
                <when test="criterion.betweenValue">
                  and ${criterion.condition} #{criterion.value} and #{criterion.secondValue}
                </when>
                <when test="criterion.listValue">
                  and ${criterion.condition}
                  <foreach close=")" collection="criterion.value" item="listItem" open="(" separator=",">
                    #{listItem}
                  </foreach>
                </when>
              </choose>
            </foreach>
          </trim>
        </if>
      </foreach>
    </where>
  </sql>
  <sql id="Base_Column_List">
    id, name, icon_type, size, icon_file_type, icon_file_id
  </sql>
  <select id="selectByExample" parameterType="com.bozhilin.buildingrobot.trackingpositioning.common.model.IconDataExample" resultMap="BaseResultMap">
    select
    <if test="distinct">
      distinct
    </if>
    <include refid="Base_Column_List" />
    from icon_data
    <if test="_parameter != null">
      <include refid="Example_Where_Clause" />
    </if>
    <if test="orderByClause != null">
      order by ${orderByClause}
    </if>
  </select>
  <select id="selectByPrimaryKey" parameterType="java.lang.Long" resultMap="BaseResultMap">
    select 
    <include refid="Base_Column_List" />
    from icon_data
    where id = #{id,jdbcType=BIGINT}
  </select>
  <delete id="deleteByPrimaryKey" parameterType="java.lang.Long">
    delete from icon_data
    where id = #{id,jdbcType=BIGINT}
  </delete>
  <delete id="deleteByExample" parameterType="com.bozhilin.buildingrobot.trackingpositioning.common.model.IconDataExample">
    delete from icon_data
    <if test="_parameter != null">
      <include refid="Example_Where_Clause" />
    </if>
  </delete>
  <insert id="insert" parameterType="com.bozhilin.buildingrobot.trackingpositioning.common.model.IconData">
    <selectKey keyProperty="id" order="AFTER" resultType="java.lang.Long">
      SELECT LAST_INSERT_ID()
    </selectKey>
    insert into icon_data (name, icon_type, size, 
      icon_file_type, icon_file_id)
    values (#{name,jdbcType=VARCHAR}, #{iconType,jdbcType=INTEGER}, #{size,jdbcType=INTEGER}, 
      #{iconFileType,jdbcType=VARCHAR}, #{iconFileId,jdbcType=BIGINT})
  </insert>
  <insert id="insertSelective" parameterType="com.bozhilin.buildingrobot.trackingpositioning.common.model.IconData">
    <selectKey keyProperty="id" order="AFTER" resultType="java.lang.Long">
      SELECT LAST_INSERT_ID()
    </selectKey>
    insert into icon_data
    <trim prefix="(" suffix=")" suffixOverrides=",">
      <if test="name != null">
        name,
      </if>
      <if test="iconType != null">
        icon_type,
      </if>
      <if test="size != null">
        size,
      </if>
      <if test="iconFileType != null">
        icon_file_type,
      </if>
      <if test="iconFileId != null">
        icon_file_id,
      </if>
    </trim>
    <trim prefix="values (" suffix=")" suffixOverrides=",">
      <if test="name != null">
        #{name,jdbcType=VARCHAR},
      </if>
      <if test="iconType != null">
        #{iconType,jdbcType=INTEGER},
      </if>
      <if test="size != null">
        #{size,jdbcType=INTEGER},
      </if>
      <if test="iconFileType != null">
        #{iconFileType,jdbcType=VARCHAR},
      </if>
      <if test="iconFileId != null">
        #{iconFileId,jdbcType=BIGINT},
      </if>
    </trim>
  </insert>
  <update id="updateByExampleSelective" parameterType="map">
    update icon_data
    <set>
      <if test="record.id != null">
        id = #{record.id,jdbcType=BIGINT},
      </if>
      <if test="record.name != null">
        name = #{record.name,jdbcType=VARCHAR},
      </if>
      <if test="record.iconType != null">
        icon_type = #{record.iconType,jdbcType=INTEGER},
      </if>
      <if test="record.size != null">
        size = #{record.size,jdbcType=INTEGER},
      </if>
      <if test="record.iconFileType != null">
        icon_file_type = #{record.iconFileType,jdbcType=VARCHAR},
      </if>
      <if test="record.iconFileId != null">
        icon_file_id = #{record.iconFileId,jdbcType=BIGINT},
      </if>
    </set>
    <if test="_parameter != null">
      <include refid="Update_By_Example_Where_Clause" />
    </if>
  </update>
  <update id="updateByExample" parameterType="map">
    update icon_data
    set id = #{record.id,jdbcType=BIGINT},
      name = #{record.name,jdbcType=VARCHAR},
      icon_type = #{record.iconType,jdbcType=INTEGER},
      size = #{record.size,jdbcType=INTEGER},
      icon_file_type = #{record.iconFileType,jdbcType=VARCHAR},
      icon_file_id = #{record.iconFileId,jdbcType=BIGINT}
    <if test="_parameter != null">
      <include refid="Update_By_Example_Where_Clause" />
    </if>
  </update>
  <update id="updateByPrimaryKeySelective" parameterType="com.bozhilin.buildingrobot.trackingpositioning.common.model.IconData">
    update icon_data
    <set>
      <if test="name != null">
        name = #{name,jdbcType=VARCHAR},
      </if>
      <if test="iconType != null">
        icon_type = #{iconType,jdbcType=INTEGER},
      </if>
      <if test="size != null">
        size = #{size,jdbcType=INTEGER},
      </if>
      <if test="iconFileType != null">
        icon_file_type = #{iconFileType,jdbcType=VARCHAR},
      </if>
      <if test="iconFileId != null">
        icon_file_id = #{iconFileId,jdbcType=BIGINT},
      </if>
    </set>
    where id = #{id,jdbcType=BIGINT}
  </update>
  <update id="updateByPrimaryKey" parameterType="com.bozhilin.buildingrobot.trackingpositioning.common.model.IconData">
    update icon_data
    set name = #{name,jdbcType=VARCHAR},
      icon_type = #{iconType,jdbcType=INTEGER},
      size = #{size,jdbcType=INTEGER},
      icon_file_type = #{iconFileType,jdbcType=VARCHAR},
      icon_file_id = #{iconFileId,jdbcType=BIGINT}
    where id = #{id,jdbcType=BIGINT}
  </update>
</mapper>