<?xml version="1.0" encoding="UTF-8"?>
<!DOCTYPE mapper PUBLIC "-//mybatis.org//DTD Mapper 3.0//EN" "http://mybatis.org/dtd/mybatis-3-mapper.dtd">
<mapper namespace="com.bozhilin.buildingrobot.trackingpositioning.common.mapper.NodeMessageMapper">
  <resultMap id="BaseResultMap" type="com.bozhilin.buildingrobot.trackingpositioning.common.model.NodeMessage">
    <id column="id" jdbcType="BIGINT" property="id" />
    <result column="node_id" jdbcType="BIGINT" property="nodeId" />
    <result column="server_id" jdbcType="BIGINT" property="serverId" />
    <result column="category_id" jdbcType="BIGINT" property="categoryId" />
    <result column="msg_type" jdbcType="VARCHAR" property="msgType" />
    <result column="msg_body" jdbcType="VARCHAR" property="msgBody" />
    <result column="eff_time" jdbcType="VARCHAR" property="effTime" />
    <result column="create_time" jdbcType="TIMESTAMP" property="createTime" />
    <result column="modify_time" jdbcType="TIMESTAMP" property="modifyTime" />
  </resultMap>
  <sql id="Example_Where_Clause">
    <where>
      <foreach collection="oredCriteria" item="criteria" separator="or">
        <if test="criteria.valid">
          <trim prefix="(" prefixOverrides="and" suffix=")">
            <foreach collection="criteria.criteria" item="criterion">
              <choose>
                <when test="criterion.noValue">
                  and ${criterion.condition}
                </when>
                <when test="criterion.singleValue">
                  and ${criterion.condition} #{criterion.value}
                </when>
                <when test="criterion.betweenValue">
                  and ${criterion.condition} #{criterion.value} and #{criterion.secondValue}
                </when>
                <when test="criterion.listValue">
                  and ${criterion.condition}
                  <foreach close=")" collection="criterion.value" item="listItem" open="(" separator=",">
                    #{listItem}
                  </foreach>
                </when>
              </choose>
            </foreach>
          </trim>
        </if>
      </foreach>
    </where>
  </sql>
  <sql id="Update_By_Example_Where_Clause">
    <where>
      <foreach collection="example.oredCriteria" item="criteria" separator="or">
        <if test="criteria.valid">
          <trim prefix="(" prefixOverrides="and" suffix=")">
            <foreach collection="criteria.criteria" item="criterion">
              <choose>
                <when test="criterion.noValue">
                  and ${criterion.condition}
                </when>
                <when test="criterion.singleValue">
                  and ${criterion.condition} #{criterion.value}
                </when>
                <when test="criterion.betweenValue">
                  and ${criterion.condition} #{criterion.value} and #{criterion.secondValue}
                </when>
                <when test="criterion.listValue">
                  and ${criterion.condition}
                  <foreach close=")" collection="criterion.value" item="listItem" open="(" separator=",">
                    #{listItem}
                  </foreach>
                </when>
              </choose>
            </foreach>
          </trim>
        </if>
      </foreach>
    </where>
  </sql>
  <sql id="Base_Column_List">
    id, node_id, server_id, category_id, msg_type, msg_body, eff_time, create_time, modify_time
  </sql>
  <select id="selectByExample" parameterType="com.bozhilin.buildingrobot.trackingpositioning.common.model.NodeMessageExample" resultMap="BaseResultMap">
    select
    <if test="distinct">
      distinct
    </if>
    <include refid="Base_Column_List" />
    from node_message
    <if test="_parameter != null">
      <include refid="Example_Where_Clause" />
    </if>
    <if test="orderByClause != null">
      order by ${orderByClause}
    </if>
  </select>
  <select id="selectByPrimaryKey" parameterType="java.lang.Long" resultMap="BaseResultMap">
    select 
    <include refid="Base_Column_List" />
    from node_message
    where id = #{id,jdbcType=BIGINT}
  </select>
  <delete id="deleteByPrimaryKey" parameterType="java.lang.Long">
    delete from node_message
    where id = #{id,jdbcType=BIGINT}
  </delete>
  <delete id="deleteByExample" parameterType="com.bozhilin.buildingrobot.trackingpositioning.common.model.NodeMessageExample">
    delete from node_message
    <if test="_parameter != null">
      <include refid="Example_Where_Clause" />
    </if>
  </delete>
  <insert id="insert" parameterType="com.bozhilin.buildingrobot.trackingpositioning.common.model.NodeMessage">
    insert into node_message (id, node_id, server_id, 
      category_id, msg_type, msg_body, 
      eff_time, create_time, modify_time
      )
    values (#{id,jdbcType=BIGINT}, #{nodeId,jdbcType=BIGINT}, #{serverId,jdbcType=BIGINT}, 
      #{categoryId,jdbcType=BIGINT}, #{msgType,jdbcType=VARCHAR}, #{msgBody,jdbcType=VARCHAR}, 
      #{effTime,jdbcType=VARCHAR}, #{createTime,jdbcType=TIMESTAMP}, #{modifyTime,jdbcType=TIMESTAMP}
      )
  </insert>
  <insert id="insertSelective" parameterType="com.bozhilin.buildingrobot.trackingpositioning.common.model.NodeMessage">
    insert into node_message
    <trim prefix="(" suffix=")" suffixOverrides=",">
      <if test="id != null">
        id,
      </if>
      <if test="nodeId != null">
        node_id,
      </if>
      <if test="serverId != null">
        server_id,
      </if>
      <if test="categoryId != null">
        category_id,
      </if>
      <if test="msgType != null">
        msg_type,
      </if>
      <if test="msgBody != null">
        msg_body,
      </if>
      <if test="effTime != null">
        eff_time,
      </if>
      <if test="createTime != null">
        create_time,
      </if>
      <if test="modifyTime != null">
        modify_time,
      </if>
    </trim>
    <trim prefix="values (" suffix=")" suffixOverrides=",">
      <if test="id != null">
        #{id,jdbcType=BIGINT},
      </if>
      <if test="nodeId != null">
        #{nodeId,jdbcType=BIGINT},
      </if>
      <if test="serverId != null">
        #{serverId,jdbcType=BIGINT},
      </if>
      <if test="categoryId != null">
        #{categoryId,jdbcType=BIGINT},
      </if>
      <if test="msgType != null">
        #{msgType,jdbcType=VARCHAR},
      </if>
      <if test="msgBody != null">
        #{msgBody,jdbcType=VARCHAR},
      </if>
      <if test="effTime != null">
        #{effTime,jdbcType=VARCHAR},
      </if>
      <if test="createTime != null">
        #{createTime,jdbcType=TIMESTAMP},
      </if>
      <if test="modifyTime != null">
        #{modifyTime,jdbcType=TIMESTAMP},
      </if>
    </trim>
  </insert>
  <update id="updateByExampleSelective" parameterType="map">
    update node_message
    <set>
      <if test="record.id != null">
        id = #{record.id,jdbcType=BIGINT},
      </if>
      <if test="record.nodeId != null">
        node_id = #{record.nodeId,jdbcType=BIGINT},
      </if>
      <if test="record.serverId != null">
        server_id = #{record.serverId,jdbcType=BIGINT},
      </if>
      <if test="record.categoryId != null">
        category_id = #{record.categoryId,jdbcType=BIGINT},
      </if>
      <if test="record.msgType != null">
        msg_type = #{record.msgType,jdbcType=VARCHAR},
      </if>
      <if test="record.msgBody != null">
        msg_body = #{record.msgBody,jdbcType=VARCHAR},
      </if>
      <if test="record.effTime != null">
        eff_time = #{record.effTime,jdbcType=VARCHAR},
      </if>
      <if test="record.createTime != null">
        create_time = #{record.createTime,jdbcType=TIMESTAMP},
      </if>
      <if test="record.modifyTime != null">
        modify_time = #{record.modifyTime,jdbcType=TIMESTAMP},
      </if>
    </set>
    <if test="_parameter != null">
      <include refid="Update_By_Example_Where_Clause" />
    </if>
  </update>
  <update id="updateByExample" parameterType="map">
    update node_message
    set id = #{record.id,jdbcType=BIGINT},
      node_id = #{record.nodeId,jdbcType=BIGINT},
      server_id = #{record.serverId,jdbcType=BIGINT},
      category_id = #{record.categoryId,jdbcType=BIGINT},
      msg_type = #{record.msgType,jdbcType=VARCHAR},
      msg_body = #{record.msgBody,jdbcType=VARCHAR},
      eff_time = #{record.effTime,jdbcType=VARCHAR},
      create_time = #{record.createTime,jdbcType=TIMESTAMP},
      modify_time = #{record.modifyTime,jdbcType=TIMESTAMP}
    <if test="_parameter != null">
      <include refid="Update_By_Example_Where_Clause" />
    </if>
  </update>
  <update id="updateByPrimaryKeySelective" parameterType="com.bozhilin.buildingrobot.trackingpositioning.common.model.NodeMessage">
    update node_message
    <set>
      <if test="nodeId != null">
        node_id = #{nodeId,jdbcType=BIGINT},
      </if>
      <if test="serverId != null">
        server_id = #{serverId,jdbcType=BIGINT},
      </if>
      <if test="categoryId != null">
        category_id = #{categoryId,jdbcType=BIGINT},
      </if>
      <if test="msgType != null">
        msg_type = #{msgType,jdbcType=VARCHAR},
      </if>
      <if test="msgBody != null">
        msg_body = #{msgBody,jdbcType=VARCHAR},
      </if>
      <if test="effTime != null">
        eff_time = #{effTime,jdbcType=VARCHAR},
      </if>
      <if test="createTime != null">
        create_time = #{createTime,jdbcType=TIMESTAMP},
      </if>
      <if test="modifyTime != null">
        modify_time = #{modifyTime,jdbcType=TIMESTAMP},
      </if>
    </set>
    where id = #{id,jdbcType=BIGINT}
  </update>
  <update id="updateByPrimaryKey" parameterType="com.bozhilin.buildingrobot.trackingpositioning.common.model.NodeMessage">
    update node_message
    set node_id = #{nodeId,jdbcType=BIGINT},
      server_id = #{serverId,jdbcType=BIGINT},
      category_id = #{categoryId,jdbcType=BIGINT},
      msg_type = #{msgType,jdbcType=VARCHAR},
      msg_body = #{msgBody,jdbcType=VARCHAR},
      eff_time = #{effTime,jdbcType=VARCHAR},
      create_time = #{createTime,jdbcType=TIMESTAMP},
      modify_time = #{modifyTime,jdbcType=TIMESTAMP}
    where id = #{id,jdbcType=BIGINT}
  </update>
</mapper>