<?xml version="1.0" encoding="UTF-8"?>
<!DOCTYPE mapper PUBLIC "-//mybatis.org//DTD Mapper 3.0//EN" "http://mybatis.org/dtd/mybatis-3-mapper.dtd">
<mapper namespace="com.bozhilin.buildingrobot.trackingpositioning.common.mapper.NodeBasestatationPropertyMapper">
  <resultMap id="BaseResultMap" type="com.bozhilin.buildingrobot.trackingpositioning.common.model.NodeBasestatationProperty">
    <id column="server_id" jdbcType="INTEGER" property="serverId" />
    <id column="id" jdbcType="INTEGER" property="id" />
    <result column="role" jdbcType="INTEGER" property="role" />
    <result column="follow_main_id" jdbcType="INTEGER" property="followMainId" />
    <result column="slot_length" jdbcType="INTEGER" property="slotLength" />
    <result column="slot_number" jdbcType="INTEGER" property="slotNumber" />
    <result column="slot_reserve" jdbcType="INTEGER" property="slotReserve" />
    <result column="antenna_delay_tx" jdbcType="INTEGER" property="antennaDelayTx" />
    <result column="antenna_delay_rx" jdbcType="INTEGER" property="antennaDelayRx" />
    <result column="channel" jdbcType="INTEGER" property="channel" />
    <result column="light_velocity" jdbcType="INTEGER" property="lightVelocity" />
    <result column="uwb_velocity" jdbcType="INTEGER" property="uwbVelocity" />
    <result column="uwb_peak_frequency" jdbcType="INTEGER" property="uwbPeakFrequency" />
    <result column="preamble" jdbcType="INTEGER" property="preamble" />
    <result column="transmission_power" jdbcType="INTEGER" property="transmissionPower" />
    <result column="x" jdbcType="INTEGER" property="x" />
    <result column="y" jdbcType="INTEGER" property="y" />
    <result column="z" jdbcType="INTEGER" property="z" />
    <result column="longitude" jdbcType="INTEGER" property="longitude" />
    <result column="latitude" jdbcType="INTEGER" property="latitude" />
    <result column="height" jdbcType="INTEGER" property="height" />
    <result column="tof_compensation" jdbcType="INTEGER" property="tofCompensation" />
    <result column="create_time" jdbcType="TIMESTAMP" property="createTime" />
    <result column="modify_time" jdbcType="TIMESTAMP" property="modifyTime" />
    <result column="modify_flag" jdbcType="INTEGER" property="modifyFlag" />
  </resultMap>
  <sql id="Example_Where_Clause">
    <where>
      <foreach collection="oredCriteria" item="criteria" separator="or">
        <if test="criteria.valid">
          <trim prefix="(" prefixOverrides="and" suffix=")">
            <foreach collection="criteria.criteria" item="criterion">
              <choose>
                <when test="criterion.noValue">
                  and ${criterion.condition}
                </when>
                <when test="criterion.singleValue">
                  and ${criterion.condition} #{criterion.value}
                </when>
                <when test="criterion.betweenValue">
                  and ${criterion.condition} #{criterion.value} and #{criterion.secondValue}
                </when>
                <when test="criterion.listValue">
                  and ${criterion.condition}
                  <foreach close=")" collection="criterion.value" item="listItem" open="(" separator=",">
                    #{listItem}
                  </foreach>
                </when>
              </choose>
            </foreach>
          </trim>
        </if>
      </foreach>
    </where>
  </sql>
  <sql id="Update_By_Example_Where_Clause">
    <where>
      <foreach collection="example.oredCriteria" item="criteria" separator="or">
        <if test="criteria.valid">
          <trim prefix="(" prefixOverrides="and" suffix=")">
            <foreach collection="criteria.criteria" item="criterion">
              <choose>
                <when test="criterion.noValue">
                  and ${criterion.condition}
                </when>
                <when test="criterion.singleValue">
                  and ${criterion.condition} #{criterion.value}
                </when>
                <when test="criterion.betweenValue">
                  and ${criterion.condition} #{criterion.value} and #{criterion.secondValue}
                </when>
                <when test="criterion.listValue">
                  and ${criterion.condition}
                  <foreach close=")" collection="criterion.value" item="listItem" open="(" separator=",">
                    #{listItem}
                  </foreach>
                </when>
              </choose>
            </foreach>
          </trim>
        </if>
      </foreach>
    </where>
  </sql>
  <sql id="Base_Column_List">
    server_id, id, role, follow_main_id, slot_length, slot_number, slot_reserve, antenna_delay_tx, 
    antenna_delay_rx, channel, light_velocity, uwb_velocity, uwb_peak_frequency, preamble, 
    transmission_power, x, y, z, longitude, latitude, height, tof_compensation, create_time, 
    modify_time, modify_flag
  </sql>
  <select id="selectByExample" parameterType="com.bozhilin.buildingrobot.trackingpositioning.common.model.NodeBasestatationPropertyExample" resultMap="BaseResultMap">
    select
    <if test="distinct">
      distinct
    </if>
    <include refid="Base_Column_List" />
    from node_basestatation_property
    <if test="_parameter != null">
      <include refid="Example_Where_Clause" />
    </if>
    <if test="orderByClause != null">
      order by ${orderByClause}
    </if>
  </select>
  <select id="selectByPrimaryKey" parameterType="com.bozhilin.buildingrobot.trackingpositioning.common.model.NodeBasestatationPropertyKey" resultMap="BaseResultMap">
    select 
    <include refid="Base_Column_List" />
    from node_basestatation_property
    where server_id = #{serverId,jdbcType=INTEGER}
      and id = #{id,jdbcType=INTEGER}
  </select>
  <delete id="deleteByPrimaryKey" parameterType="com.bozhilin.buildingrobot.trackingpositioning.common.model.NodeBasestatationPropertyKey">
    delete from node_basestatation_property
    where server_id = #{serverId,jdbcType=INTEGER}
      and id = #{id,jdbcType=INTEGER}
  </delete>
  <delete id="deleteByExample" parameterType="com.bozhilin.buildingrobot.trackingpositioning.common.model.NodeBasestatationPropertyExample">
    delete from node_basestatation_property
    <if test="_parameter != null">
      <include refid="Example_Where_Clause" />
    </if>
  </delete>
  <insert id="insert" parameterType="com.bozhilin.buildingrobot.trackingpositioning.common.model.NodeBasestatationProperty">
    insert into node_basestatation_property (server_id, id, role, 
      follow_main_id, slot_length, slot_number, 
      slot_reserve, antenna_delay_tx, antenna_delay_rx, 
      channel, light_velocity, uwb_velocity, 
      uwb_peak_frequency, preamble, transmission_power, 
      x, y, z, longitude, 
      latitude, height, tof_compensation, 
      create_time, modify_time, modify_flag
      )
    values (#{serverId,jdbcType=INTEGER}, #{id,jdbcType=INTEGER}, #{role,jdbcType=INTEGER}, 
      #{followMainId,jdbcType=INTEGER}, #{slotLength,jdbcType=INTEGER}, #{slotNumber,jdbcType=INTEGER}, 
      #{slotReserve,jdbcType=INTEGER}, #{antennaDelayTx,jdbcType=INTEGER}, #{antennaDelayRx,jdbcType=INTEGER}, 
      #{channel,jdbcType=INTEGER}, #{lightVelocity,jdbcType=INTEGER}, #{uwbVelocity,jdbcType=INTEGER}, 
      #{uwbPeakFrequency,jdbcType=INTEGER}, #{preamble,jdbcType=INTEGER}, #{transmissionPower,jdbcType=INTEGER}, 
      #{x,jdbcType=INTEGER}, #{y,jdbcType=INTEGER}, #{z,jdbcType=INTEGER}, #{longitude,jdbcType=INTEGER}, 
      #{latitude,jdbcType=INTEGER}, #{height,jdbcType=INTEGER}, #{tofCompensation,jdbcType=INTEGER}, 
      #{createTime,jdbcType=TIMESTAMP}, #{modifyTime,jdbcType=TIMESTAMP}, #{modifyFlag,jdbcType=INTEGER}
      )
  </insert>
  <insert id="insertSelective" parameterType="com.bozhilin.buildingrobot.trackingpositioning.common.model.NodeBasestatationProperty">
    insert into node_basestatation_property
    <trim prefix="(" suffix=")" suffixOverrides=",">
      <if test="serverId != null">
        server_id,
      </if>
      <if test="id != null">
        id,
      </if>
      <if test="role != null">
        role,
      </if>
      <if test="followMainId != null">
        follow_main_id,
      </if>
      <if test="slotLength != null">
        slot_length,
      </if>
      <if test="slotNumber != null">
        slot_number,
      </if>
      <if test="slotReserve != null">
        slot_reserve,
      </if>
      <if test="antennaDelayTx != null">
        antenna_delay_tx,
      </if>
      <if test="antennaDelayRx != null">
        antenna_delay_rx,
      </if>
      <if test="channel != null">
        channel,
      </if>
      <if test="lightVelocity != null">
        light_velocity,
      </if>
      <if test="uwbVelocity != null">
        uwb_velocity,
      </if>
      <if test="uwbPeakFrequency != null">
        uwb_peak_frequency,
      </if>
      <if test="preamble != null">
        preamble,
      </if>
      <if test="transmissionPower != null">
        transmission_power,
      </if>
      <if test="x != null">
        x,
      </if>
      <if test="y != null">
        y,
      </if>
      <if test="z != null">
        z,
      </if>
      <if test="longitude != null">
        longitude,
      </if>
      <if test="latitude != null">
        latitude,
      </if>
      <if test="height != null">
        height,
      </if>
      <if test="tofCompensation != null">
        tof_compensation,
      </if>
      <if test="createTime != null">
        create_time,
      </if>
      <if test="modifyTime != null">
        modify_time,
      </if>
      <if test="modifyFlag != null">
        modify_flag,
      </if>
    </trim>
    <trim prefix="values (" suffix=")" suffixOverrides=",">
      <if test="serverId != null">
        #{serverId,jdbcType=INTEGER},
      </if>
      <if test="id != null">
        #{id,jdbcType=INTEGER},
      </if>
      <if test="role != null">
        #{role,jdbcType=INTEGER},
      </if>
      <if test="followMainId != null">
        #{followMainId,jdbcType=INTEGER},
      </if>
      <if test="slotLength != null">
        #{slotLength,jdbcType=INTEGER},
      </if>
      <if test="slotNumber != null">
        #{slotNumber,jdbcType=INTEGER},
      </if>
      <if test="slotReserve != null">
        #{slotReserve,jdbcType=INTEGER},
      </if>
      <if test="antennaDelayTx != null">
        #{antennaDelayTx,jdbcType=INTEGER},
      </if>
      <if test="antennaDelayRx != null">
        #{antennaDelayRx,jdbcType=INTEGER},
      </if>
      <if test="channel != null">
        #{channel,jdbcType=INTEGER},
      </if>
      <if test="lightVelocity != null">
        #{lightVelocity,jdbcType=INTEGER},
      </if>
      <if test="uwbVelocity != null">
        #{uwbVelocity,jdbcType=INTEGER},
      </if>
      <if test="uwbPeakFrequency != null">
        #{uwbPeakFrequency,jdbcType=INTEGER},
      </if>
      <if test="preamble != null">
        #{preamble,jdbcType=INTEGER},
      </if>
      <if test="transmissionPower != null">
        #{transmissionPower,jdbcType=INTEGER},
      </if>
      <if test="x != null">
        #{x,jdbcType=INTEGER},
      </if>
      <if test="y != null">
        #{y,jdbcType=INTEGER},
      </if>
      <if test="z != null">
        #{z,jdbcType=INTEGER},
      </if>
      <if test="longitude != null">
        #{longitude,jdbcType=INTEGER},
      </if>
      <if test="latitude != null">
        #{latitude,jdbcType=INTEGER},
      </if>
      <if test="height != null">
        #{height,jdbcType=INTEGER},
      </if>
      <if test="tofCompensation != null">
        #{tofCompensation,jdbcType=INTEGER},
      </if>
      <if test="createTime != null">
        #{createTime,jdbcType=TIMESTAMP},
      </if>
      <if test="modifyTime != null">
        #{modifyTime,jdbcType=TIMESTAMP},
      </if>
      <if test="modifyFlag != null">
        #{modifyFlag,jdbcType=INTEGER},
      </if>
    </trim>
  </insert>
  <update id="updateByExampleSelective" parameterType="map">
    update node_basestatation_property
    <set>
      <if test="record.serverId != null">
        server_id = #{record.serverId,jdbcType=INTEGER},
      </if>
      <if test="record.id != null">
        id = #{record.id,jdbcType=INTEGER},
      </if>
      <if test="record.role != null">
        role = #{record.role,jdbcType=INTEGER},
      </if>
      <if test="record.followMainId != null">
        follow_main_id = #{record.followMainId,jdbcType=INTEGER},
      </if>
      <if test="record.slotLength != null">
        slot_length = #{record.slotLength,jdbcType=INTEGER},
      </if>
      <if test="record.slotNumber != null">
        slot_number = #{record.slotNumber,jdbcType=INTEGER},
      </if>
      <if test="record.slotReserve != null">
        slot_reserve = #{record.slotReserve,jdbcType=INTEGER},
      </if>
      <if test="record.antennaDelayTx != null">
        antenna_delay_tx = #{record.antennaDelayTx,jdbcType=INTEGER},
      </if>
      <if test="record.antennaDelayRx != null">
        antenna_delay_rx = #{record.antennaDelayRx,jdbcType=INTEGER},
      </if>
      <if test="record.channel != null">
        channel = #{record.channel,jdbcType=INTEGER},
      </if>
      <if test="record.lightVelocity != null">
        light_velocity = #{record.lightVelocity,jdbcType=INTEGER},
      </if>
      <if test="record.uwbVelocity != null">
        uwb_velocity = #{record.uwbVelocity,jdbcType=INTEGER},
      </if>
      <if test="record.uwbPeakFrequency != null">
        uwb_peak_frequency = #{record.uwbPeakFrequency,jdbcType=INTEGER},
      </if>
      <if test="record.preamble != null">
        preamble = #{record.preamble,jdbcType=INTEGER},
      </if>
      <if test="record.transmissionPower != null">
        transmission_power = #{record.transmissionPower,jdbcType=INTEGER},
      </if>
      <if test="record.x != null">
        x = #{record.x,jdbcType=INTEGER},
      </if>
      <if test="record.y != null">
        y = #{record.y,jdbcType=INTEGER},
      </if>
      <if test="record.z != null">
        z = #{record.z,jdbcType=INTEGER},
      </if>
      <if test="record.longitude != null">
        longitude = #{record.longitude,jdbcType=INTEGER},
      </if>
      <if test="record.latitude != null">
        latitude = #{record.latitude,jdbcType=INTEGER},
      </if>
      <if test="record.height != null">
        height = #{record.height,jdbcType=INTEGER},
      </if>
      <if test="record.tofCompensation != null">
        tof_compensation = #{record.tofCompensation,jdbcType=INTEGER},
      </if>
      <if test="record.createTime != null">
        create_time = #{record.createTime,jdbcType=TIMESTAMP},
      </if>
      <if test="record.modifyTime != null">
        modify_time = #{record.modifyTime,jdbcType=TIMESTAMP},
      </if>
      <if test="record.modifyFlag != null">
        modify_flag = #{record.modifyFlag,jdbcType=INTEGER},
      </if>
    </set>
    <if test="_parameter != null">
      <include refid="Update_By_Example_Where_Clause" />
    </if>
  </update>
  <update id="updateByExample" parameterType="map">
    update node_basestatation_property
    set server_id = #{record.serverId,jdbcType=INTEGER},
      id = #{record.id,jdbcType=INTEGER},
      role = #{record.role,jdbcType=INTEGER},
      follow_main_id = #{record.followMainId,jdbcType=INTEGER},
      slot_length = #{record.slotLength,jdbcType=INTEGER},
      slot_number = #{record.slotNumber,jdbcType=INTEGER},
      slot_reserve = #{record.slotReserve,jdbcType=INTEGER},
      antenna_delay_tx = #{record.antennaDelayTx,jdbcType=INTEGER},
      antenna_delay_rx = #{record.antennaDelayRx,jdbcType=INTEGER},
      channel = #{record.channel,jdbcType=INTEGER},
      light_velocity = #{record.lightVelocity,jdbcType=INTEGER},
      uwb_velocity = #{record.uwbVelocity,jdbcType=INTEGER},
      uwb_peak_frequency = #{record.uwbPeakFrequency,jdbcType=INTEGER},
      preamble = #{record.preamble,jdbcType=INTEGER},
      transmission_power = #{record.transmissionPower,jdbcType=INTEGER},
      x = #{record.x,jdbcType=INTEGER},
      y = #{record.y,jdbcType=INTEGER},
      z = #{record.z,jdbcType=INTEGER},
      longitude = #{record.longitude,jdbcType=INTEGER},
      latitude = #{record.latitude,jdbcType=INTEGER},
      height = #{record.height,jdbcType=INTEGER},
      tof_compensation = #{record.tofCompensation,jdbcType=INTEGER},
      create_time = #{record.createTime,jdbcType=TIMESTAMP},
      modify_time = #{record.modifyTime,jdbcType=TIMESTAMP},
      modify_flag = #{record.modifyFlag,jdbcType=INTEGER}
    <if test="_parameter != null">
      <include refid="Update_By_Example_Where_Clause" />
    </if>
  </update>
  <update id="updateByPrimaryKeySelective" parameterType="com.bozhilin.buildingrobot.trackingpositioning.common.model.NodeBasestatationProperty">
    update node_basestatation_property
    <set>
      <if test="role != null">
        role = #{role,jdbcType=INTEGER},
      </if>
      <if test="followMainId != null">
        follow_main_id = #{followMainId,jdbcType=INTEGER},
      </if>
      <if test="slotLength != null">
        slot_length = #{slotLength,jdbcType=INTEGER},
      </if>
      <if test="slotNumber != null">
        slot_number = #{slotNumber,jdbcType=INTEGER},
      </if>
      <if test="slotReserve != null">
        slot_reserve = #{slotReserve,jdbcType=INTEGER},
      </if>
      <if test="antennaDelayTx != null">
        antenna_delay_tx = #{antennaDelayTx,jdbcType=INTEGER},
      </if>
      <if test="antennaDelayRx != null">
        antenna_delay_rx = #{antennaDelayRx,jdbcType=INTEGER},
      </if>
      <if test="channel != null">
        channel = #{channel,jdbcType=INTEGER},
      </if>
      <if test="lightVelocity != null">
        light_velocity = #{lightVelocity,jdbcType=INTEGER},
      </if>
      <if test="uwbVelocity != null">
        uwb_velocity = #{uwbVelocity,jdbcType=INTEGER},
      </if>
      <if test="uwbPeakFrequency != null">
        uwb_peak_frequency = #{uwbPeakFrequency,jdbcType=INTEGER},
      </if>
      <if test="preamble != null">
        preamble = #{preamble,jdbcType=INTEGER},
      </if>
      <if test="transmissionPower != null">
        transmission_power = #{transmissionPower,jdbcType=INTEGER},
      </if>
      <if test="x != null">
        x = #{x,jdbcType=INTEGER},
      </if>
      <if test="y != null">
        y = #{y,jdbcType=INTEGER},
      </if>
      <if test="z != null">
        z = #{z,jdbcType=INTEGER},
      </if>
      <if test="longitude != null">
        longitude = #{longitude,jdbcType=INTEGER},
      </if>
      <if test="latitude != null">
        latitude = #{latitude,jdbcType=INTEGER},
      </if>
      <if test="height != null">
        height = #{height,jdbcType=INTEGER},
      </if>
      <if test="tofCompensation != null">
        tof_compensation = #{tofCompensation,jdbcType=INTEGER},
      </if>
      <if test="createTime != null">
        create_time = #{createTime,jdbcType=TIMESTAMP},
      </if>
      <if test="modifyTime != null">
        modify_time = #{modifyTime,jdbcType=TIMESTAMP},
      </if>
      <if test="modifyFlag != null">
        modify_flag = #{modifyFlag,jdbcType=INTEGER},
      </if>
    </set>
    where server_id = #{serverId,jdbcType=INTEGER}
      and id = #{id,jdbcType=INTEGER}
  </update>
  <update id="updateByPrimaryKey" parameterType="com.bozhilin.buildingrobot.trackingpositioning.common.model.NodeBasestatationProperty">
    update node_basestatation_property
    set role = #{role,jdbcType=INTEGER},
      follow_main_id = #{followMainId,jdbcType=INTEGER},
      slot_length = #{slotLength,jdbcType=INTEGER},
      slot_number = #{slotNumber,jdbcType=INTEGER},
      slot_reserve = #{slotReserve,jdbcType=INTEGER},
      antenna_delay_tx = #{antennaDelayTx,jdbcType=INTEGER},
      antenna_delay_rx = #{antennaDelayRx,jdbcType=INTEGER},
      channel = #{channel,jdbcType=INTEGER},
      light_velocity = #{lightVelocity,jdbcType=INTEGER},
      uwb_velocity = #{uwbVelocity,jdbcType=INTEGER},
      uwb_peak_frequency = #{uwbPeakFrequency,jdbcType=INTEGER},
      preamble = #{preamble,jdbcType=INTEGER},
      transmission_power = #{transmissionPower,jdbcType=INTEGER},
      x = #{x,jdbcType=INTEGER},
      y = #{y,jdbcType=INTEGER},
      z = #{z,jdbcType=INTEGER},
      longitude = #{longitude,jdbcType=INTEGER},
      latitude = #{latitude,jdbcType=INTEGER},
      height = #{height,jdbcType=INTEGER},
      tof_compensation = #{tofCompensation,jdbcType=INTEGER},
      create_time = #{createTime,jdbcType=TIMESTAMP},
      modify_time = #{modifyTime,jdbcType=TIMESTAMP},
      modify_flag = #{modifyFlag,jdbcType=INTEGER}
    where server_id = #{serverId,jdbcType=INTEGER}
      and id = #{id,jdbcType=INTEGER}
  </update>
</mapper>