<?xml version="1.0" encoding="UTF-8"?>
<!DOCTYPE mapper PUBLIC "-//mybatis.org//DTD Mapper 3.0//EN" "http://mybatis.org/dtd/mybatis-3-mapper.dtd">
<mapper namespace="com.bozhilin.buildingrobot.trackingpositioning.common.mapper.NodeTreeMapper">
  <resultMap id="BaseResultMap" type="com.bozhilin.buildingrobot.trackingpositioning.common.model.NodeTree">
    <id column="server_id" jdbcType="INTEGER" property="serverId" />
    <id column="node_id" jdbcType="INTEGER" property="nodeId" />
    <result column="parent_node_id" jdbcType="INTEGER" property="parentNodeId" />
    <result column="state" jdbcType="INTEGER" property="state" />
    <result column="create_time" jdbcType="TIMESTAMP" property="createTime" />
    <result column="modify_time" jdbcType="TIMESTAMP" property="modifyTime" />
  </resultMap>
  <sql id="Example_Where_Clause">
    <where>
      <foreach collection="oredCriteria" item="criteria" separator="or">
        <if test="criteria.valid">
          <trim prefix="(" prefixOverrides="and" suffix=")">
            <foreach collection="criteria.criteria" item="criterion">
              <choose>
                <when test="criterion.noValue">
                  and ${criterion.condition}
                </when>
                <when test="criterion.singleValue">
                  and ${criterion.condition} #{criterion.value}
                </when>
                <when test="criterion.betweenValue">
                  and ${criterion.condition} #{criterion.value} and #{criterion.secondValue}
                </when>
                <when test="criterion.listValue">
                  and ${criterion.condition}
                  <foreach close=")" collection="criterion.value" item="listItem" open="(" separator=",">
                    #{listItem}
                  </foreach>
                </when>
              </choose>
            </foreach>
          </trim>
        </if>
      </foreach>
    </where>
  </sql>
  <sql id="Update_By_Example_Where_Clause">
    <where>
      <foreach collection="example.oredCriteria" item="criteria" separator="or">
        <if test="criteria.valid">
          <trim prefix="(" prefixOverrides="and" suffix=")">
            <foreach collection="criteria.criteria" item="criterion">
              <choose>
                <when test="criterion.noValue">
                  and ${criterion.condition}
                </when>
                <when test="criterion.singleValue">
                  and ${criterion.condition} #{criterion.value}
                </when>
                <when test="criterion.betweenValue">
                  and ${criterion.condition} #{criterion.value} and #{criterion.secondValue}
                </when>
                <when test="criterion.listValue">
                  and ${criterion.condition}
                  <foreach close=")" collection="criterion.value" item="listItem" open="(" separator=",">
                    #{listItem}
                  </foreach>
                </when>
              </choose>
            </foreach>
          </trim>
        </if>
      </foreach>
    </where>
  </sql>
  <sql id="Base_Column_List">
    server_id, node_id, parent_node_id, state, create_time, modify_time
  </sql>
  <select id="selectByExample" parameterType="com.bozhilin.buildingrobot.trackingpositioning.common.model.NodeTreeExample" resultMap="BaseResultMap">
    select
    <if test="distinct">
      distinct
    </if>
    <include refid="Base_Column_List" />
    from node_tree
    <if test="_parameter != null">
      <include refid="Example_Where_Clause" />
    </if>
    <if test="orderByClause != null">
      order by ${orderByClause}
    </if>
  </select>
  <select id="selectByPrimaryKey" parameterType="com.bozhilin.buildingrobot.trackingpositioning.common.model.NodeTreeKey" resultMap="BaseResultMap">
    select 
    <include refid="Base_Column_List" />
    from node_tree
    where server_id = #{serverId,jdbcType=INTEGER}
      and node_id = #{nodeId,jdbcType=INTEGER}
  </select>
  <delete id="deleteByPrimaryKey" parameterType="com.bozhilin.buildingrobot.trackingpositioning.common.model.NodeTreeKey">
    delete from node_tree
    where server_id = #{serverId,jdbcType=INTEGER}
      and node_id = #{nodeId,jdbcType=INTEGER}
  </delete>
  <delete id="deleteByExample" parameterType="com.bozhilin.buildingrobot.trackingpositioning.common.model.NodeTreeExample">
    delete from node_tree
    <if test="_parameter != null">
      <include refid="Example_Where_Clause" />
    </if>
  </delete>
  <insert id="insert" parameterType="com.bozhilin.buildingrobot.trackingpositioning.common.model.NodeTree">
    insert into node_tree (server_id, node_id, parent_node_id, 
      state, create_time, modify_time
      )
    values (#{serverId,jdbcType=INTEGER}, #{nodeId,jdbcType=INTEGER}, #{parentNodeId,jdbcType=INTEGER}, 
      #{state,jdbcType=INTEGER}, #{createTime,jdbcType=TIMESTAMP}, #{modifyTime,jdbcType=TIMESTAMP}
      )
  </insert>
  <insert id="insertSelective" parameterType="com.bozhilin.buildingrobot.trackingpositioning.common.model.NodeTree">
    insert into node_tree
    <trim prefix="(" suffix=")" suffixOverrides=",">
      <if test="serverId != null">
        server_id,
      </if>
      <if test="nodeId != null">
        node_id,
      </if>
      <if test="parentNodeId != null">
        parent_node_id,
      </if>
      <if test="state != null">
        state,
      </if>
      <if test="createTime != null">
        create_time,
      </if>
      <if test="modifyTime != null">
        modify_time,
      </if>
    </trim>
    <trim prefix="values (" suffix=")" suffixOverrides=",">
      <if test="serverId != null">
        #{serverId,jdbcType=INTEGER},
      </if>
      <if test="nodeId != null">
        #{nodeId,jdbcType=INTEGER},
      </if>
      <if test="parentNodeId != null">
        #{parentNodeId,jdbcType=INTEGER},
      </if>
      <if test="state != null">
        #{state,jdbcType=INTEGER},
      </if>
      <if test="createTime != null">
        #{createTime,jdbcType=TIMESTAMP},
      </if>
      <if test="modifyTime != null">
        #{modifyTime,jdbcType=TIMESTAMP},
      </if>
    </trim>
  </insert>
  <update id="updateByExampleSelective" parameterType="map">
    update node_tree
    <set>
      <if test="record.serverId != null">
        server_id = #{record.serverId,jdbcType=INTEGER},
      </if>
      <if test="record.nodeId != null">
        node_id = #{record.nodeId,jdbcType=INTEGER},
      </if>
      <if test="record.parentNodeId != null">
        parent_node_id = #{record.parentNodeId,jdbcType=INTEGER},
      </if>
      <if test="record.state != null">
        state = #{record.state,jdbcType=INTEGER},
      </if>
      <if test="record.createTime != null">
        create_time = #{record.createTime,jdbcType=TIMESTAMP},
      </if>
      <if test="record.modifyTime != null">
        modify_time = #{record.modifyTime,jdbcType=TIMESTAMP},
      </if>
    </set>
    <if test="_parameter != null">
      <include refid="Update_By_Example_Where_Clause" />
    </if>
  </update>
  <update id="updateByExample" parameterType="map">
    update node_tree
    set server_id = #{record.serverId,jdbcType=INTEGER},
      node_id = #{record.nodeId,jdbcType=INTEGER},
      parent_node_id = #{record.parentNodeId,jdbcType=INTEGER},
      state = #{record.state,jdbcType=INTEGER},
      create_time = #{record.createTime,jdbcType=TIMESTAMP},
      modify_time = #{record.modifyTime,jdbcType=TIMESTAMP}
    <if test="_parameter != null">
      <include refid="Update_By_Example_Where_Clause" />
    </if>
  </update>
  <update id="updateByPrimaryKeySelective" parameterType="com.bozhilin.buildingrobot.trackingpositioning.common.model.NodeTree">
    update node_tree
    <set>
      <if test="parentNodeId != null">
        parent_node_id = #{parentNodeId,jdbcType=INTEGER},
      </if>
      <if test="state != null">
        state = #{state,jdbcType=INTEGER},
      </if>
      <if test="createTime != null">
        create_time = #{createTime,jdbcType=TIMESTAMP},
      </if>
      <if test="modifyTime != null">
        modify_time = #{modifyTime,jdbcType=TIMESTAMP},
      </if>
    </set>
    where server_id = #{serverId,jdbcType=INTEGER}
      and node_id = #{nodeId,jdbcType=INTEGER}
  </update>
  <update id="updateByPrimaryKey" parameterType="com.bozhilin.buildingrobot.trackingpositioning.common.model.NodeTree">
    update node_tree
    set parent_node_id = #{parentNodeId,jdbcType=INTEGER},
      state = #{state,jdbcType=INTEGER},
      create_time = #{createTime,jdbcType=TIMESTAMP},
      modify_time = #{modifyTime,jdbcType=TIMESTAMP}
    where server_id = #{serverId,jdbcType=INTEGER}
      and node_id = #{nodeId,jdbcType=INTEGER}
  </update>
</mapper>