<?xml version="1.0" encoding="UTF-8"?>
<!DOCTYPE mapper PUBLIC "-//mybatis.org//DTD Mapper 3.0//EN" "http://mybatis.org/dtd/mybatis-3-mapper.dtd">
<mapper namespace="com.bozhilin.buildingrobot.trackingpositioning.common.mapper.NodeStatisticsMapper">
  <resultMap id="BaseResultMap" type="com.bozhilin.buildingrobot.trackingpositioning.common.model.NodeStatistics">
    <id column="server_id" jdbcType="INTEGER" property="serverId" />
    <id column="node_id" jdbcType="INTEGER" property="nodeId" />
    <id column="create_date" jdbcType="DATE" property="createDate" />
    <result column="modify_time" jdbcType="TIMESTAMP" property="modifyTime" />
    <result column="upstream_traffic" jdbcType="VARCHAR" property="upstreamTraffic" />
    <result column="downstream_traffic" jdbcType="VARCHAR" property="downstreamTraffic" />
    <result column="class_a_quantity" jdbcType="VARCHAR" property="classAQuantity" />
    <result column="class_b_quantity" jdbcType="VARCHAR" property="classBQuantity" />
    <result column="class_c_quantity" jdbcType="VARCHAR" property="classCQuantity" />
  </resultMap>
  <sql id="Example_Where_Clause">
    <where>
      <foreach collection="oredCriteria" item="criteria" separator="or">
        <if test="criteria.valid">
          <trim prefix="(" prefixOverrides="and" suffix=")">
            <foreach collection="criteria.criteria" item="criterion">
              <choose>
                <when test="criterion.noValue">
                  and ${criterion.condition}
                </when>
                <when test="criterion.singleValue">
                  and ${criterion.condition} #{criterion.value}
                </when>
                <when test="criterion.betweenValue">
                  and ${criterion.condition} #{criterion.value} and #{criterion.secondValue}
                </when>
                <when test="criterion.listValue">
                  and ${criterion.condition}
                  <foreach close=")" collection="criterion.value" item="listItem" open="(" separator=",">
                    #{listItem}
                  </foreach>
                </when>
              </choose>
            </foreach>
          </trim>
        </if>
      </foreach>
    </where>
  </sql>
  <sql id="Update_By_Example_Where_Clause">
    <where>
      <foreach collection="example.oredCriteria" item="criteria" separator="or">
        <if test="criteria.valid">
          <trim prefix="(" prefixOverrides="and" suffix=")">
            <foreach collection="criteria.criteria" item="criterion">
              <choose>
                <when test="criterion.noValue">
                  and ${criterion.condition}
                </when>
                <when test="criterion.singleValue">
                  and ${criterion.condition} #{criterion.value}
                </when>
                <when test="criterion.betweenValue">
                  and ${criterion.condition} #{criterion.value} and #{criterion.secondValue}
                </when>
                <when test="criterion.listValue">
                  and ${criterion.condition}
                  <foreach close=")" collection="criterion.value" item="listItem" open="(" separator=",">
                    #{listItem}
                  </foreach>
                </when>
              </choose>
            </foreach>
          </trim>
        </if>
      </foreach>
    </where>
  </sql>
  <sql id="Base_Column_List">
    server_id, node_id, create_date, modify_time, upstream_traffic, downstream_traffic, 
    class_a_quantity, class_b_quantity, class_c_quantity
  </sql>
  <select id="selectByExample" parameterType="com.bozhilin.buildingrobot.trackingpositioning.common.model.NodeStatisticsExample" resultMap="BaseResultMap">
    select
    <if test="distinct">
      distinct
    </if>
    <include refid="Base_Column_List" />
    from node_statistics
    <if test="_parameter != null">
      <include refid="Example_Where_Clause" />
    </if>
    <if test="orderByClause != null">
      order by ${orderByClause}
    </if>
  </select>
  <select id="selectByPrimaryKey" parameterType="com.bozhilin.buildingrobot.trackingpositioning.common.model.NodeStatisticsKey" resultMap="BaseResultMap">
    select 
    <include refid="Base_Column_List" />
    from node_statistics
    where server_id = #{serverId,jdbcType=INTEGER}
      and node_id = #{nodeId,jdbcType=INTEGER}
      and create_date = #{createDate,jdbcType=DATE}
  </select>
  <delete id="deleteByPrimaryKey" parameterType="com.bozhilin.buildingrobot.trackingpositioning.common.model.NodeStatisticsKey">
    delete from node_statistics
    where server_id = #{serverId,jdbcType=INTEGER}
      and node_id = #{nodeId,jdbcType=INTEGER}
      and create_date = #{createDate,jdbcType=DATE}
  </delete>
  <delete id="deleteByExample" parameterType="com.bozhilin.buildingrobot.trackingpositioning.common.model.NodeStatisticsExample">
    delete from node_statistics
    <if test="_parameter != null">
      <include refid="Example_Where_Clause" />
    </if>
  </delete>
  <insert id="insert" parameterType="com.bozhilin.buildingrobot.trackingpositioning.common.model.NodeStatistics">
    insert into node_statistics (server_id, node_id, create_date, 
      modify_time, upstream_traffic, downstream_traffic, 
      class_a_quantity, class_b_quantity, class_c_quantity
      )
    values (#{serverId,jdbcType=INTEGER}, #{nodeId,jdbcType=INTEGER}, #{createDate,jdbcType=DATE}, 
      #{modifyTime,jdbcType=TIMESTAMP}, #{upstreamTraffic,jdbcType=VARCHAR}, #{downstreamTraffic,jdbcType=VARCHAR}, 
      #{classAQuantity,jdbcType=VARCHAR}, #{classBQuantity,jdbcType=VARCHAR}, #{classCQuantity,jdbcType=VARCHAR}
      )
  </insert>
  <insert id="insertSelective" parameterType="com.bozhilin.buildingrobot.trackingpositioning.common.model.NodeStatistics">
    insert into node_statistics
    <trim prefix="(" suffix=")" suffixOverrides=",">
      <if test="serverId != null">
        server_id,
      </if>
      <if test="nodeId != null">
        node_id,
      </if>
      <if test="createDate != null">
        create_date,
      </if>
      <if test="modifyTime != null">
        modify_time,
      </if>
      <if test="upstreamTraffic != null">
        upstream_traffic,
      </if>
      <if test="downstreamTraffic != null">
        downstream_traffic,
      </if>
      <if test="classAQuantity != null">
        class_a_quantity,
      </if>
      <if test="classBQuantity != null">
        class_b_quantity,
      </if>
      <if test="classCQuantity != null">
        class_c_quantity,
      </if>
    </trim>
    <trim prefix="values (" suffix=")" suffixOverrides=",">
      <if test="serverId != null">
        #{serverId,jdbcType=INTEGER},
      </if>
      <if test="nodeId != null">
        #{nodeId,jdbcType=INTEGER},
      </if>
      <if test="createDate != null">
        #{createDate,jdbcType=DATE},
      </if>
      <if test="modifyTime != null">
        #{modifyTime,jdbcType=TIMESTAMP},
      </if>
      <if test="upstreamTraffic != null">
        #{upstreamTraffic,jdbcType=VARCHAR},
      </if>
      <if test="downstreamTraffic != null">
        #{downstreamTraffic,jdbcType=VARCHAR},
      </if>
      <if test="classAQuantity != null">
        #{classAQuantity,jdbcType=VARCHAR},
      </if>
      <if test="classBQuantity != null">
        #{classBQuantity,jdbcType=VARCHAR},
      </if>
      <if test="classCQuantity != null">
        #{classCQuantity,jdbcType=VARCHAR},
      </if>
    </trim>
  </insert>
  <update id="updateByExampleSelective" parameterType="map">
    update node_statistics
    <set>
      <if test="record.serverId != null">
        server_id = #{record.serverId,jdbcType=INTEGER},
      </if>
      <if test="record.nodeId != null">
        node_id = #{record.nodeId,jdbcType=INTEGER},
      </if>
      <if test="record.createDate != null">
        create_date = #{record.createDate,jdbcType=DATE},
      </if>
      <if test="record.modifyTime != null">
        modify_time = #{record.modifyTime,jdbcType=TIMESTAMP},
      </if>
      <if test="record.upstreamTraffic != null">
        upstream_traffic = #{record.upstreamTraffic,jdbcType=VARCHAR},
      </if>
      <if test="record.downstreamTraffic != null">
        downstream_traffic = #{record.downstreamTraffic,jdbcType=VARCHAR},
      </if>
      <if test="record.classAQuantity != null">
        class_a_quantity = #{record.classAQuantity,jdbcType=VARCHAR},
      </if>
      <if test="record.classBQuantity != null">
        class_b_quantity = #{record.classBQuantity,jdbcType=VARCHAR},
      </if>
      <if test="record.classCQuantity != null">
        class_c_quantity = #{record.classCQuantity,jdbcType=VARCHAR},
      </if>
    </set>
    <if test="_parameter != null">
      <include refid="Update_By_Example_Where_Clause" />
    </if>
  </update>
  <update id="updateByExample" parameterType="map">
    update node_statistics
    set server_id = #{record.serverId,jdbcType=INTEGER},
      node_id = #{record.nodeId,jdbcType=INTEGER},
      create_date = #{record.createDate,jdbcType=DATE},
      modify_time = #{record.modifyTime,jdbcType=TIMESTAMP},
      upstream_traffic = #{record.upstreamTraffic,jdbcType=VARCHAR},
      downstream_traffic = #{record.downstreamTraffic,jdbcType=VARCHAR},
      class_a_quantity = #{record.classAQuantity,jdbcType=VARCHAR},
      class_b_quantity = #{record.classBQuantity,jdbcType=VARCHAR},
      class_c_quantity = #{record.classCQuantity,jdbcType=VARCHAR}
    <if test="_parameter != null">
      <include refid="Update_By_Example_Where_Clause" />
    </if>
  </update>
  <update id="updateByPrimaryKeySelective" parameterType="com.bozhilin.buildingrobot.trackingpositioning.common.model.NodeStatistics">
    update node_statistics
    <set>
      <if test="modifyTime != null">
        modify_time = #{modifyTime,jdbcType=TIMESTAMP},
      </if>
      <if test="upstreamTraffic != null">
        upstream_traffic = #{upstreamTraffic,jdbcType=VARCHAR},
      </if>
      <if test="downstreamTraffic != null">
        downstream_traffic = #{downstreamTraffic,jdbcType=VARCHAR},
      </if>
      <if test="classAQuantity != null">
        class_a_quantity = #{classAQuantity,jdbcType=VARCHAR},
      </if>
      <if test="classBQuantity != null">
        class_b_quantity = #{classBQuantity,jdbcType=VARCHAR},
      </if>
      <if test="classCQuantity != null">
        class_c_quantity = #{classCQuantity,jdbcType=VARCHAR},
      </if>
    </set>
    where server_id = #{serverId,jdbcType=INTEGER}
      and node_id = #{nodeId,jdbcType=INTEGER}
      and create_date = #{createDate,jdbcType=DATE}
  </update>
  <update id="updateByPrimaryKey" parameterType="com.bozhilin.buildingrobot.trackingpositioning.common.model.NodeStatistics">
    update node_statistics
    set modify_time = #{modifyTime,jdbcType=TIMESTAMP},
      upstream_traffic = #{upstreamTraffic,jdbcType=VARCHAR},
      downstream_traffic = #{downstreamTraffic,jdbcType=VARCHAR},
      class_a_quantity = #{classAQuantity,jdbcType=VARCHAR},
      class_b_quantity = #{classBQuantity,jdbcType=VARCHAR},
      class_c_quantity = #{classCQuantity,jdbcType=VARCHAR}
    where server_id = #{serverId,jdbcType=INTEGER}
      and node_id = #{nodeId,jdbcType=INTEGER}
      and create_date = #{createDate,jdbcType=DATE}
  </update>
</mapper>