<?xml version="1.0" encoding="UTF-8"?>
<!DOCTYPE mapper PUBLIC "-//mybatis.org//DTD Mapper 3.0//EN" "http://mybatis.org/dtd/mybatis-3-mapper.dtd">
<mapper namespace="com.bozhilin.buildingrobot.trackingpositioning.common.mapper.NodeLabelPropertyMapper">
  <resultMap id="BaseResultMap" type="com.bozhilin.buildingrobot.trackingpositioning.common.model.NodeLabelProperty">
    <id column="server_id" jdbcType="INTEGER" property="serverId" />
    <id column="id" jdbcType="INTEGER" property="id" />
    <result column="role" jdbcType="INTEGER" property="role" />
    <result column="light_velocity" jdbcType="INTEGER" property="lightVelocity" />
    <result column="antenna_delay_tx" jdbcType="INTEGER" property="antennaDelayTx" />
    <result column="antenna_delay_rx" jdbcType="INTEGER" property="antennaDelayRx" />
    <result column="channel" jdbcType="INTEGER" property="channel" />
    <result column="uwb_velocity" jdbcType="INTEGER" property="uwbVelocity" />
    <result column="uwb_peak_frequency" jdbcType="INTEGER" property="uwbPeakFrequency" />
    <result column="preamble" jdbcType="INTEGER" property="preamble" />
    <result column="refresh_frequency" jdbcType="INTEGER" property="refreshFrequency" />
    <result column="upload_frequency" jdbcType="INTEGER" property="uploadFrequency" />
    <result column="data_output_frequency" jdbcType="INTEGER" property="dataOutputFrequency" />
    <result column="lan_id" jdbcType="INTEGER" property="lanId" />
    <result column="min_time_unit" jdbcType="INTEGER" property="minTimeUnit" />
    <result column="carrier_id" jdbcType="BIGINT" property="carrierId" />
    <result column="create_time" jdbcType="TIMESTAMP" property="createTime" />
    <result column="modify_time" jdbcType="TIMESTAMP" property="modifyTime" />
    <result column="modify_flag" jdbcType="INTEGER" property="modifyFlag" />
  </resultMap>
  <sql id="Example_Where_Clause">
    <where>
      <foreach collection="oredCriteria" item="criteria" separator="or">
        <if test="criteria.valid">
          <trim prefix="(" prefixOverrides="and" suffix=")">
            <foreach collection="criteria.criteria" item="criterion">
              <choose>
                <when test="criterion.noValue">
                  and ${criterion.condition}
                </when>
                <when test="criterion.singleValue">
                  and ${criterion.condition} #{criterion.value}
                </when>
                <when test="criterion.betweenValue">
                  and ${criterion.condition} #{criterion.value} and #{criterion.secondValue}
                </when>
                <when test="criterion.listValue">
                  and ${criterion.condition}
                  <foreach close=")" collection="criterion.value" item="listItem" open="(" separator=",">
                    #{listItem}
                  </foreach>
                </when>
              </choose>
            </foreach>
          </trim>
        </if>
      </foreach>
    </where>
  </sql>
  <sql id="Update_By_Example_Where_Clause">
    <where>
      <foreach collection="example.oredCriteria" item="criteria" separator="or">
        <if test="criteria.valid">
          <trim prefix="(" prefixOverrides="and" suffix=")">
            <foreach collection="criteria.criteria" item="criterion">
              <choose>
                <when test="criterion.noValue">
                  and ${criterion.condition}
                </when>
                <when test="criterion.singleValue">
                  and ${criterion.condition} #{criterion.value}
                </when>
                <when test="criterion.betweenValue">
                  and ${criterion.condition} #{criterion.value} and #{criterion.secondValue}
                </when>
                <when test="criterion.listValue">
                  and ${criterion.condition}
                  <foreach close=")" collection="criterion.value" item="listItem" open="(" separator=",">
                    #{listItem}
                  </foreach>
                </when>
              </choose>
            </foreach>
          </trim>
        </if>
      </foreach>
    </where>
  </sql>
  <sql id="Base_Column_List">
    server_id, id, role, light_velocity, antenna_delay_tx, antenna_delay_rx, channel, 
    uwb_velocity, uwb_peak_frequency, preamble, refresh_frequency, upload_frequency, 
    data_output_frequency, lan_id, min_time_unit, carrier_id, create_time, modify_time, 
    modify_flag
  </sql>
  <select id="selectByExample" parameterType="com.bozhilin.buildingrobot.trackingpositioning.common.model.NodeLabelPropertyExample" resultMap="BaseResultMap">
    select
    <if test="distinct">
      distinct
    </if>
    <include refid="Base_Column_List" />
    from node_label_property
    <if test="_parameter != null">
      <include refid="Example_Where_Clause" />
    </if>
    <if test="orderByClause != null">
      order by ${orderByClause}
    </if>
  </select>
  <select id="selectByPrimaryKey" parameterType="com.bozhilin.buildingrobot.trackingpositioning.common.model.NodeLabelPropertyKey" resultMap="BaseResultMap">
    select 
    <include refid="Base_Column_List" />
    from node_label_property
    where server_id = #{serverId,jdbcType=INTEGER}
      and id = #{id,jdbcType=INTEGER}
  </select>
  <delete id="deleteByPrimaryKey" parameterType="com.bozhilin.buildingrobot.trackingpositioning.common.model.NodeLabelPropertyKey">
    delete from node_label_property
    where server_id = #{serverId,jdbcType=INTEGER}
      and id = #{id,jdbcType=INTEGER}
  </delete>
  <delete id="deleteByExample" parameterType="com.bozhilin.buildingrobot.trackingpositioning.common.model.NodeLabelPropertyExample">
    delete from node_label_property
    <if test="_parameter != null">
      <include refid="Example_Where_Clause" />
    </if>
  </delete>
  <insert id="insert" parameterType="com.bozhilin.buildingrobot.trackingpositioning.common.model.NodeLabelProperty">
    insert into node_label_property (server_id, id, role, 
      light_velocity, antenna_delay_tx, antenna_delay_rx, 
      channel, uwb_velocity, uwb_peak_frequency, 
      preamble, refresh_frequency, upload_frequency, 
      data_output_frequency, lan_id, min_time_unit, 
      carrier_id, create_time, modify_time, 
      modify_flag)
    values (#{serverId,jdbcType=INTEGER}, #{id,jdbcType=INTEGER}, #{role,jdbcType=INTEGER}, 
      #{lightVelocity,jdbcType=INTEGER}, #{antennaDelayTx,jdbcType=INTEGER}, #{antennaDelayRx,jdbcType=INTEGER}, 
      #{channel,jdbcType=INTEGER}, #{uwbVelocity,jdbcType=INTEGER}, #{uwbPeakFrequency,jdbcType=INTEGER}, 
      #{preamble,jdbcType=INTEGER}, #{refreshFrequency,jdbcType=INTEGER}, #{uploadFrequency,jdbcType=INTEGER}, 
      #{dataOutputFrequency,jdbcType=INTEGER}, #{lanId,jdbcType=INTEGER}, #{minTimeUnit,jdbcType=INTEGER}, 
      #{carrierId,jdbcType=BIGINT}, #{createTime,jdbcType=TIMESTAMP}, #{modifyTime,jdbcType=TIMESTAMP}, 
      #{modifyFlag,jdbcType=INTEGER})
  </insert>
  <insert id="insertSelective" parameterType="com.bozhilin.buildingrobot.trackingpositioning.common.model.NodeLabelProperty">
    insert into node_label_property
    <trim prefix="(" suffix=")" suffixOverrides=",">
      <if test="serverId != null">
        server_id,
      </if>
      <if test="id != null">
        id,
      </if>
      <if test="role != null">
        role,
      </if>
      <if test="lightVelocity != null">
        light_velocity,
      </if>
      <if test="antennaDelayTx != null">
        antenna_delay_tx,
      </if>
      <if test="antennaDelayRx != null">
        antenna_delay_rx,
      </if>
      <if test="channel != null">
        channel,
      </if>
      <if test="uwbVelocity != null">
        uwb_velocity,
      </if>
      <if test="uwbPeakFrequency != null">
        uwb_peak_frequency,
      </if>
      <if test="preamble != null">
        preamble,
      </if>
      <if test="refreshFrequency != null">
        refresh_frequency,
      </if>
      <if test="uploadFrequency != null">
        upload_frequency,
      </if>
      <if test="dataOutputFrequency != null">
        data_output_frequency,
      </if>
      <if test="lanId != null">
        lan_id,
      </if>
      <if test="minTimeUnit != null">
        min_time_unit,
      </if>
      <if test="carrierId != null">
        carrier_id,
      </if>
      <if test="createTime != null">
        create_time,
      </if>
      <if test="modifyTime != null">
        modify_time,
      </if>
      <if test="modifyFlag != null">
        modify_flag,
      </if>
    </trim>
    <trim prefix="values (" suffix=")" suffixOverrides=",">
      <if test="serverId != null">
        #{serverId,jdbcType=INTEGER},
      </if>
      <if test="id != null">
        #{id,jdbcType=INTEGER},
      </if>
      <if test="role != null">
        #{role,jdbcType=INTEGER},
      </if>
      <if test="lightVelocity != null">
        #{lightVelocity,jdbcType=INTEGER},
      </if>
      <if test="antennaDelayTx != null">
        #{antennaDelayTx,jdbcType=INTEGER},
      </if>
      <if test="antennaDelayRx != null">
        #{antennaDelayRx,jdbcType=INTEGER},
      </if>
      <if test="channel != null">
        #{channel,jdbcType=INTEGER},
      </if>
      <if test="uwbVelocity != null">
        #{uwbVelocity,jdbcType=INTEGER},
      </if>
      <if test="uwbPeakFrequency != null">
        #{uwbPeakFrequency,jdbcType=INTEGER},
      </if>
      <if test="preamble != null">
        #{preamble,jdbcType=INTEGER},
      </if>
      <if test="refreshFrequency != null">
        #{refreshFrequency,jdbcType=INTEGER},
      </if>
      <if test="uploadFrequency != null">
        #{uploadFrequency,jdbcType=INTEGER},
      </if>
      <if test="dataOutputFrequency != null">
        #{dataOutputFrequency,jdbcType=INTEGER},
      </if>
      <if test="lanId != null">
        #{lanId,jdbcType=INTEGER},
      </if>
      <if test="minTimeUnit != null">
        #{minTimeUnit,jdbcType=INTEGER},
      </if>
      <if test="carrierId != null">
        #{carrierId,jdbcType=BIGINT},
      </if>
      <if test="createTime != null">
        #{createTime,jdbcType=TIMESTAMP},
      </if>
      <if test="modifyTime != null">
        #{modifyTime,jdbcType=TIMESTAMP},
      </if>
      <if test="modifyFlag != null">
        #{modifyFlag,jdbcType=INTEGER},
      </if>
    </trim>
  </insert>
  <update id="updateByExampleSelective" parameterType="map">
    update node_label_property
    <set>
      <if test="record.serverId != null">
        server_id = #{record.serverId,jdbcType=INTEGER},
      </if>
      <if test="record.id != null">
        id = #{record.id,jdbcType=INTEGER},
      </if>
      <if test="record.role != null">
        role = #{record.role,jdbcType=INTEGER},
      </if>
      <if test="record.lightVelocity != null">
        light_velocity = #{record.lightVelocity,jdbcType=INTEGER},
      </if>
      <if test="record.antennaDelayTx != null">
        antenna_delay_tx = #{record.antennaDelayTx,jdbcType=INTEGER},
      </if>
      <if test="record.antennaDelayRx != null">
        antenna_delay_rx = #{record.antennaDelayRx,jdbcType=INTEGER},
      </if>
      <if test="record.channel != null">
        channel = #{record.channel,jdbcType=INTEGER},
      </if>
      <if test="record.uwbVelocity != null">
        uwb_velocity = #{record.uwbVelocity,jdbcType=INTEGER},
      </if>
      <if test="record.uwbPeakFrequency != null">
        uwb_peak_frequency = #{record.uwbPeakFrequency,jdbcType=INTEGER},
      </if>
      <if test="record.preamble != null">
        preamble = #{record.preamble,jdbcType=INTEGER},
      </if>
      <if test="record.refreshFrequency != null">
        refresh_frequency = #{record.refreshFrequency,jdbcType=INTEGER},
      </if>
      <if test="record.uploadFrequency != null">
        upload_frequency = #{record.uploadFrequency,jdbcType=INTEGER},
      </if>
      <if test="record.dataOutputFrequency != null">
        data_output_frequency = #{record.dataOutputFrequency,jdbcType=INTEGER},
      </if>
      <if test="record.lanId != null">
        lan_id = #{record.lanId,jdbcType=INTEGER},
      </if>
      <if test="record.minTimeUnit != null">
        min_time_unit = #{record.minTimeUnit,jdbcType=INTEGER},
      </if>
      <if test="record.carrierId != null">
        carrier_id = #{record.carrierId,jdbcType=BIGINT},
      </if>
      <if test="record.createTime != null">
        create_time = #{record.createTime,jdbcType=TIMESTAMP},
      </if>
      <if test="record.modifyTime != null">
        modify_time = #{record.modifyTime,jdbcType=TIMESTAMP},
      </if>
      <if test="record.modifyFlag != null">
        modify_flag = #{record.modifyFlag,jdbcType=INTEGER},
      </if>
    </set>
    <if test="_parameter != null">
      <include refid="Update_By_Example_Where_Clause" />
    </if>
  </update>
  <update id="updateByExample" parameterType="map">
    update node_label_property
    set server_id = #{record.serverId,jdbcType=INTEGER},
      id = #{record.id,jdbcType=INTEGER},
      role = #{record.role,jdbcType=INTEGER},
      light_velocity = #{record.lightVelocity,jdbcType=INTEGER},
      antenna_delay_tx = #{record.antennaDelayTx,jdbcType=INTEGER},
      antenna_delay_rx = #{record.antennaDelayRx,jdbcType=INTEGER},
      channel = #{record.channel,jdbcType=INTEGER},
      uwb_velocity = #{record.uwbVelocity,jdbcType=INTEGER},
      uwb_peak_frequency = #{record.uwbPeakFrequency,jdbcType=INTEGER},
      preamble = #{record.preamble,jdbcType=INTEGER},
      refresh_frequency = #{record.refreshFrequency,jdbcType=INTEGER},
      upload_frequency = #{record.uploadFrequency,jdbcType=INTEGER},
      data_output_frequency = #{record.dataOutputFrequency,jdbcType=INTEGER},
      lan_id = #{record.lanId,jdbcType=INTEGER},
      min_time_unit = #{record.minTimeUnit,jdbcType=INTEGER},
      carrier_id = #{record.carrierId,jdbcType=BIGINT},
      create_time = #{record.createTime,jdbcType=TIMESTAMP},
      modify_time = #{record.modifyTime,jdbcType=TIMESTAMP},
      modify_flag = #{record.modifyFlag,jdbcType=INTEGER}
    <if test="_parameter != null">
      <include refid="Update_By_Example_Where_Clause" />
    </if>
  </update>
  <update id="updateByPrimaryKeySelective" parameterType="com.bozhilin.buildingrobot.trackingpositioning.common.model.NodeLabelProperty">
    update node_label_property
    <set>
      <if test="role != null">
        role = #{role,jdbcType=INTEGER},
      </if>
      <if test="lightVelocity != null">
        light_velocity = #{lightVelocity,jdbcType=INTEGER},
      </if>
      <if test="antennaDelayTx != null">
        antenna_delay_tx = #{antennaDelayTx,jdbcType=INTEGER},
      </if>
      <if test="antennaDelayRx != null">
        antenna_delay_rx = #{antennaDelayRx,jdbcType=INTEGER},
      </if>
      <if test="channel != null">
        channel = #{channel,jdbcType=INTEGER},
      </if>
      <if test="uwbVelocity != null">
        uwb_velocity = #{uwbVelocity,jdbcType=INTEGER},
      </if>
      <if test="uwbPeakFrequency != null">
        uwb_peak_frequency = #{uwbPeakFrequency,jdbcType=INTEGER},
      </if>
      <if test="preamble != null">
        preamble = #{preamble,jdbcType=INTEGER},
      </if>
      <if test="refreshFrequency != null">
        refresh_frequency = #{refreshFrequency,jdbcType=INTEGER},
      </if>
      <if test="uploadFrequency != null">
        upload_frequency = #{uploadFrequency,jdbcType=INTEGER},
      </if>
      <if test="dataOutputFrequency != null">
        data_output_frequency = #{dataOutputFrequency,jdbcType=INTEGER},
      </if>
      <if test="lanId != null">
        lan_id = #{lanId,jdbcType=INTEGER},
      </if>
      <if test="minTimeUnit != null">
        min_time_unit = #{minTimeUnit,jdbcType=INTEGER},
      </if>
      <if test="carrierId != null">
        carrier_id = #{carrierId,jdbcType=BIGINT},
      </if>
      <if test="createTime != null">
        create_time = #{createTime,jdbcType=TIMESTAMP},
      </if>
      <if test="modifyTime != null">
        modify_time = #{modifyTime,jdbcType=TIMESTAMP},
      </if>
      <if test="modifyFlag != null">
        modify_flag = #{modifyFlag,jdbcType=INTEGER},
      </if>
    </set>
    where server_id = #{serverId,jdbcType=INTEGER}
      and id = #{id,jdbcType=INTEGER}
  </update>
  <update id="updateByPrimaryKey" parameterType="com.bozhilin.buildingrobot.trackingpositioning.common.model.NodeLabelProperty">
    update node_label_property
    set role = #{role,jdbcType=INTEGER},
      light_velocity = #{lightVelocity,jdbcType=INTEGER},
      antenna_delay_tx = #{antennaDelayTx,jdbcType=INTEGER},
      antenna_delay_rx = #{antennaDelayRx,jdbcType=INTEGER},
      channel = #{channel,jdbcType=INTEGER},
      uwb_velocity = #{uwbVelocity,jdbcType=INTEGER},
      uwb_peak_frequency = #{uwbPeakFrequency,jdbcType=INTEGER},
      preamble = #{preamble,jdbcType=INTEGER},
      refresh_frequency = #{refreshFrequency,jdbcType=INTEGER},
      upload_frequency = #{uploadFrequency,jdbcType=INTEGER},
      data_output_frequency = #{dataOutputFrequency,jdbcType=INTEGER},
      lan_id = #{lanId,jdbcType=INTEGER},
      min_time_unit = #{minTimeUnit,jdbcType=INTEGER},
      carrier_id = #{carrierId,jdbcType=BIGINT},
      create_time = #{createTime,jdbcType=TIMESTAMP},
      modify_time = #{modifyTime,jdbcType=TIMESTAMP},
      modify_flag = #{modifyFlag,jdbcType=INTEGER}
    where server_id = #{serverId,jdbcType=INTEGER}
      and id = #{id,jdbcType=INTEGER}
  </update>
</mapper>