<?xml version="1.0" encoding="UTF-8"?>
<!DOCTYPE mapper PUBLIC "-//mybatis.org//DTD Mapper 3.0//EN" "http://mybatis.org/dtd/mybatis-3-mapper.dtd">
<mapper namespace="com.bozhilin.buildingrobot.trackingpositioning.common.mapper.NodeSynchronizerPropertyMapper">
  <resultMap id="BaseResultMap" type="com.bozhilin.buildingrobot.trackingpositioning.common.model.NodeSynchronizerProperty">
    <id column="server_id" jdbcType="INTEGER" property="serverId" />
    <id column="id" jdbcType="INTEGER" property="id" />
    <result column="base_station_capacity" jdbcType="INTEGER" property="baseStationCapacity" />
    <result column="label_capacity" jdbcType="INTEGER" property="labelCapacity" />
    <result column="create_time" jdbcType="TIMESTAMP" property="createTime" />
    <result column="modify_time" jdbcType="TIMESTAMP" property="modifyTime" />
    <result column="modify_flag" jdbcType="INTEGER" property="modifyFlag" />
  </resultMap>
  <sql id="Example_Where_Clause">
    <where>
      <foreach collection="oredCriteria" item="criteria" separator="or">
        <if test="criteria.valid">
          <trim prefix="(" prefixOverrides="and" suffix=")">
            <foreach collection="criteria.criteria" item="criterion">
              <choose>
                <when test="criterion.noValue">
                  and ${criterion.condition}
                </when>
                <when test="criterion.singleValue">
                  and ${criterion.condition} #{criterion.value}
                </when>
                <when test="criterion.betweenValue">
                  and ${criterion.condition} #{criterion.value} and #{criterion.secondValue}
                </when>
                <when test="criterion.listValue">
                  and ${criterion.condition}
                  <foreach close=")" collection="criterion.value" item="listItem" open="(" separator=",">
                    #{listItem}
                  </foreach>
                </when>
              </choose>
            </foreach>
          </trim>
        </if>
      </foreach>
    </where>
  </sql>
  <sql id="Update_By_Example_Where_Clause">
    <where>
      <foreach collection="example.oredCriteria" item="criteria" separator="or">
        <if test="criteria.valid">
          <trim prefix="(" prefixOverrides="and" suffix=")">
            <foreach collection="criteria.criteria" item="criterion">
              <choose>
                <when test="criterion.noValue">
                  and ${criterion.condition}
                </when>
                <when test="criterion.singleValue">
                  and ${criterion.condition} #{criterion.value}
                </when>
                <when test="criterion.betweenValue">
                  and ${criterion.condition} #{criterion.value} and #{criterion.secondValue}
                </when>
                <when test="criterion.listValue">
                  and ${criterion.condition}
                  <foreach close=")" collection="criterion.value" item="listItem" open="(" separator=",">
                    #{listItem}
                  </foreach>
                </when>
              </choose>
            </foreach>
          </trim>
        </if>
      </foreach>
    </where>
  </sql>
  <sql id="Base_Column_List">
    server_id, id, base_station_capacity, label_capacity, create_time, modify_time, modify_flag
  </sql>
  <select id="selectByExample" parameterType="com.bozhilin.buildingrobot.trackingpositioning.common.model.NodeSynchronizerPropertyExample" resultMap="BaseResultMap">
    select
    <if test="distinct">
      distinct
    </if>
    <include refid="Base_Column_List" />
    from node_synchronizer_property
    <if test="_parameter != null">
      <include refid="Example_Where_Clause" />
    </if>
    <if test="orderByClause != null">
      order by ${orderByClause}
    </if>
  </select>
  <select id="selectByPrimaryKey" parameterType="com.bozhilin.buildingrobot.trackingpositioning.common.model.NodeSynchronizerPropertyKey" resultMap="BaseResultMap">
    select 
    <include refid="Base_Column_List" />
    from node_synchronizer_property
    where server_id = #{serverId,jdbcType=INTEGER}
      and id = #{id,jdbcType=INTEGER}
  </select>
  <delete id="deleteByPrimaryKey" parameterType="com.bozhilin.buildingrobot.trackingpositioning.common.model.NodeSynchronizerPropertyKey">
    delete from node_synchronizer_property
    where server_id = #{serverId,jdbcType=INTEGER}
      and id = #{id,jdbcType=INTEGER}
  </delete>
  <delete id="deleteByExample" parameterType="com.bozhilin.buildingrobot.trackingpositioning.common.model.NodeSynchronizerPropertyExample">
    delete from node_synchronizer_property
    <if test="_parameter != null">
      <include refid="Example_Where_Clause" />
    </if>
  </delete>
  <insert id="insert" parameterType="com.bozhilin.buildingrobot.trackingpositioning.common.model.NodeSynchronizerProperty">
    insert into node_synchronizer_property (server_id, id, base_station_capacity, 
      label_capacity, create_time, modify_time, 
      modify_flag)
    values (#{serverId,jdbcType=INTEGER}, #{id,jdbcType=INTEGER}, #{baseStationCapacity,jdbcType=INTEGER}, 
      #{labelCapacity,jdbcType=INTEGER}, #{createTime,jdbcType=TIMESTAMP}, #{modifyTime,jdbcType=TIMESTAMP}, 
      #{modifyFlag,jdbcType=INTEGER})
  </insert>
  <insert id="insertSelective" parameterType="com.bozhilin.buildingrobot.trackingpositioning.common.model.NodeSynchronizerProperty">
    insert into node_synchronizer_property
    <trim prefix="(" suffix=")" suffixOverrides=",">
      <if test="serverId != null">
        server_id,
      </if>
      <if test="id != null">
        id,
      </if>
      <if test="baseStationCapacity != null">
        base_station_capacity,
      </if>
      <if test="labelCapacity != null">
        label_capacity,
      </if>
      <if test="createTime != null">
        create_time,
      </if>
      <if test="modifyTime != null">
        modify_time,
      </if>
      <if test="modifyFlag != null">
        modify_flag,
      </if>
    </trim>
    <trim prefix="values (" suffix=")" suffixOverrides=",">
      <if test="serverId != null">
        #{serverId,jdbcType=INTEGER},
      </if>
      <if test="id != null">
        #{id,jdbcType=INTEGER},
      </if>
      <if test="baseStationCapacity != null">
        #{baseStationCapacity,jdbcType=INTEGER},
      </if>
      <if test="labelCapacity != null">
        #{labelCapacity,jdbcType=INTEGER},
      </if>
      <if test="createTime != null">
        #{createTime,jdbcType=TIMESTAMP},
      </if>
      <if test="modifyTime != null">
        #{modifyTime,jdbcType=TIMESTAMP},
      </if>
      <if test="modifyFlag != null">
        #{modifyFlag,jdbcType=INTEGER},
      </if>
    </trim>
  </insert>
  <update id="updateByExampleSelective" parameterType="map">
    update node_synchronizer_property
    <set>
      <if test="record.serverId != null">
        server_id = #{record.serverId,jdbcType=INTEGER},
      </if>
      <if test="record.id != null">
        id = #{record.id,jdbcType=INTEGER},
      </if>
      <if test="record.baseStationCapacity != null">
        base_station_capacity = #{record.baseStationCapacity,jdbcType=INTEGER},
      </if>
      <if test="record.labelCapacity != null">
        label_capacity = #{record.labelCapacity,jdbcType=INTEGER},
      </if>
      <if test="record.createTime != null">
        create_time = #{record.createTime,jdbcType=TIMESTAMP},
      </if>
      <if test="record.modifyTime != null">
        modify_time = #{record.modifyTime,jdbcType=TIMESTAMP},
      </if>
      <if test="record.modifyFlag != null">
        modify_flag = #{record.modifyFlag,jdbcType=INTEGER},
      </if>
    </set>
    <if test="_parameter != null">
      <include refid="Update_By_Example_Where_Clause" />
    </if>
  </update>
  <update id="updateByExample" parameterType="map">
    update node_synchronizer_property
    set server_id = #{record.serverId,jdbcType=INTEGER},
      id = #{record.id,jdbcType=INTEGER},
      base_station_capacity = #{record.baseStationCapacity,jdbcType=INTEGER},
      label_capacity = #{record.labelCapacity,jdbcType=INTEGER},
      create_time = #{record.createTime,jdbcType=TIMESTAMP},
      modify_time = #{record.modifyTime,jdbcType=TIMESTAMP},
      modify_flag = #{record.modifyFlag,jdbcType=INTEGER}
    <if test="_parameter != null">
      <include refid="Update_By_Example_Where_Clause" />
    </if>
  </update>
  <update id="updateByPrimaryKeySelective" parameterType="com.bozhilin.buildingrobot.trackingpositioning.common.model.NodeSynchronizerProperty">
    update node_synchronizer_property
    <set>
      <if test="baseStationCapacity != null">
        base_station_capacity = #{baseStationCapacity,jdbcType=INTEGER},
      </if>
      <if test="labelCapacity != null">
        label_capacity = #{labelCapacity,jdbcType=INTEGER},
      </if>
      <if test="createTime != null">
        create_time = #{createTime,jdbcType=TIMESTAMP},
      </if>
      <if test="modifyTime != null">
        modify_time = #{modifyTime,jdbcType=TIMESTAMP},
      </if>
      <if test="modifyFlag != null">
        modify_flag = #{modifyFlag,jdbcType=INTEGER},
      </if>
    </set>
    where server_id = #{serverId,jdbcType=INTEGER}
      and id = #{id,jdbcType=INTEGER}
  </update>
  <update id="updateByPrimaryKey" parameterType="com.bozhilin.buildingrobot.trackingpositioning.common.model.NodeSynchronizerProperty">
    update node_synchronizer_property
    set base_station_capacity = #{baseStationCapacity,jdbcType=INTEGER},
      label_capacity = #{labelCapacity,jdbcType=INTEGER},
      create_time = #{createTime,jdbcType=TIMESTAMP},
      modify_time = #{modifyTime,jdbcType=TIMESTAMP},
      modify_flag = #{modifyFlag,jdbcType=INTEGER}
    where server_id = #{serverId,jdbcType=INTEGER}
      and id = #{id,jdbcType=INTEGER}
  </update>
</mapper>