<?xml version="1.0" encoding="UTF-8"?>
<!DOCTYPE mapper PUBLIC "-//mybatis.org//DTD Mapper 3.0//EN" "http://mybatis.org/dtd/mybatis-3-mapper.dtd">
<mapper namespace="com.bozhilin.buildingrobot.trackingpositioning.common.mapper.TrackSumDmMapper">
  <resultMap id="BaseResultMap" type="com.bozhilin.buildingrobot.trackingpositioning.common.model.TrackSumDm">
    <id column="id" jdbcType="BIGINT" property="id" />
    <result column="tag_code" jdbcType="VARCHAR" property="tagCode" />
    <result column="coordinate" jdbcType="VARCHAR" property="coordinate" />
    <result column="time" jdbcType="TIMESTAMP" property="time" />
    <result column="x_axis" jdbcType="DECIMAL" property="xAxis" />
    <result column="y_axis" jdbcType="DECIMAL" property="yAxis" />
    <result column="z_axis" jdbcType="DECIMAL" property="zAxis" />
    <result column="speed" jdbcType="DECIMAL" property="speed" />
    <result column="create_time" jdbcType="TIMESTAMP" property="createTime" />
    <result column="modify_time" jdbcType="TIMESTAMP" property="modifyTime" />
  </resultMap>
  <sql id="Example_Where_Clause">
    <where>
      <foreach collection="oredCriteria" item="criteria" separator="or">
        <if test="criteria.valid">
          <trim prefix="(" prefixOverrides="and" suffix=")">
            <foreach collection="criteria.criteria" item="criterion">
              <choose>
                <when test="criterion.noValue">
                  and ${criterion.condition}
                </when>
                <when test="criterion.singleValue">
                  and ${criterion.condition} #{criterion.value}
                </when>
                <when test="criterion.betweenValue">
                  and ${criterion.condition} #{criterion.value} and #{criterion.secondValue}
                </when>
                <when test="criterion.listValue">
                  and ${criterion.condition}
                  <foreach close=")" collection="criterion.value" item="listItem" open="(" separator=",">
                    #{listItem}
                  </foreach>
                </when>
              </choose>
            </foreach>
          </trim>
        </if>
      </foreach>
    </where>
  </sql>
  <sql id="Update_By_Example_Where_Clause">
    <where>
      <foreach collection="example.oredCriteria" item="criteria" separator="or">
        <if test="criteria.valid">
          <trim prefix="(" prefixOverrides="and" suffix=")">
            <foreach collection="criteria.criteria" item="criterion">
              <choose>
                <when test="criterion.noValue">
                  and ${criterion.condition}
                </when>
                <when test="criterion.singleValue">
                  and ${criterion.condition} #{criterion.value}
                </when>
                <when test="criterion.betweenValue">
                  and ${criterion.condition} #{criterion.value} and #{criterion.secondValue}
                </when>
                <when test="criterion.listValue">
                  and ${criterion.condition}
                  <foreach close=")" collection="criterion.value" item="listItem" open="(" separator=",">
                    #{listItem}
                  </foreach>
                </when>
              </choose>
            </foreach>
          </trim>
        </if>
      </foreach>
    </where>
  </sql>
  <sql id="Base_Column_List">
    id, tag_code, coordinate, time, x_axis, y_axis, z_axis, speed, create_time, modify_time
  </sql>
  <select id="selectByExample" parameterType="com.bozhilin.buildingrobot.trackingpositioning.common.model.TrackSumDmExample" resultMap="BaseResultMap">
    select
    <if test="distinct">
      distinct
    </if>
    <include refid="Base_Column_List" />
    from track_sum_dm
    <if test="_parameter != null">
      <include refid="Example_Where_Clause" />
    </if>
    <if test="orderByClause != null">
      order by ${orderByClause}
    </if>
  </select>
  <select id="selectByPrimaryKey" parameterType="java.lang.Long" resultMap="BaseResultMap">
    select 
    <include refid="Base_Column_List" />
    from track_sum_dm
    where id = #{id,jdbcType=BIGINT}
  </select>
  <delete id="deleteByPrimaryKey" parameterType="java.lang.Long">
    delete from track_sum_dm
    where id = #{id,jdbcType=BIGINT}
  </delete>
  <delete id="deleteByExample" parameterType="com.bozhilin.buildingrobot.trackingpositioning.common.model.TrackSumDmExample">
    delete from track_sum_dm
    <if test="_parameter != null">
      <include refid="Example_Where_Clause" />
    </if>
  </delete>
  <insert id="insert" parameterType="com.bozhilin.buildingrobot.trackingpositioning.common.model.TrackSumDm">
    insert into track_sum_dm (id, tag_code, coordinate, 
      time, x_axis, y_axis, 
      z_axis, speed, create_time, 
      modify_time)
    values (#{id,jdbcType=BIGINT}, #{tagCode,jdbcType=VARCHAR}, #{coordinate,jdbcType=VARCHAR}, 
      #{time,jdbcType=TIMESTAMP}, #{xAxis,jdbcType=DECIMAL}, #{yAxis,jdbcType=DECIMAL}, 
      #{zAxis,jdbcType=DECIMAL}, #{speed,jdbcType=DECIMAL}, #{createTime,jdbcType=TIMESTAMP}, 
      #{modifyTime,jdbcType=TIMESTAMP})
  </insert>
  <insert id="insertSelective" parameterType="com.bozhilin.buildingrobot.trackingpositioning.common.model.TrackSumDm">
    insert into track_sum_dm
    <trim prefix="(" suffix=")" suffixOverrides=",">
      <if test="id != null">
        id,
      </if>
      <if test="tagCode != null">
        tag_code,
      </if>
      <if test="coordinate != null">
        coordinate,
      </if>
      <if test="time != null">
        time,
      </if>
      <if test="xAxis != null">
        x_axis,
      </if>
      <if test="yAxis != null">
        y_axis,
      </if>
      <if test="zAxis != null">
        z_axis,
      </if>
      <if test="speed != null">
        speed,
      </if>
      <if test="createTime != null">
        create_time,
      </if>
      <if test="modifyTime != null">
        modify_time,
      </if>
    </trim>
    <trim prefix="values (" suffix=")" suffixOverrides=",">
      <if test="id != null">
        #{id,jdbcType=BIGINT},
      </if>
      <if test="tagCode != null">
        #{tagCode,jdbcType=VARCHAR},
      </if>
      <if test="coordinate != null">
        #{coordinate,jdbcType=VARCHAR},
      </if>
      <if test="time != null">
        #{time,jdbcType=TIMESTAMP},
      </if>
      <if test="xAxis != null">
        #{xAxis,jdbcType=DECIMAL},
      </if>
      <if test="yAxis != null">
        #{yAxis,jdbcType=DECIMAL},
      </if>
      <if test="zAxis != null">
        #{zAxis,jdbcType=DECIMAL},
      </if>
      <if test="speed != null">
        #{speed,jdbcType=DECIMAL},
      </if>
      <if test="createTime != null">
        #{createTime,jdbcType=TIMESTAMP},
      </if>
      <if test="modifyTime != null">
        #{modifyTime,jdbcType=TIMESTAMP},
      </if>
    </trim>
  </insert>
  <update id="updateByExampleSelective" parameterType="map">
    update track_sum_dm
    <set>
      <if test="record.id != null">
        id = #{record.id,jdbcType=BIGINT},
      </if>
      <if test="record.tagCode != null">
        tag_code = #{record.tagCode,jdbcType=VARCHAR},
      </if>
      <if test="record.coordinate != null">
        coordinate = #{record.coordinate,jdbcType=VARCHAR},
      </if>
      <if test="record.time != null">
        time = #{record.time,jdbcType=TIMESTAMP},
      </if>
      <if test="record.xAxis != null">
        x_axis = #{record.xAxis,jdbcType=DECIMAL},
      </if>
      <if test="record.yAxis != null">
        y_axis = #{record.yAxis,jdbcType=DECIMAL},
      </if>
      <if test="record.zAxis != null">
        z_axis = #{record.zAxis,jdbcType=DECIMAL},
      </if>
      <if test="record.speed != null">
        speed = #{record.speed,jdbcType=DECIMAL},
      </if>
      <if test="record.createTime != null">
        create_time = #{record.createTime,jdbcType=TIMESTAMP},
      </if>
      <if test="record.modifyTime != null">
        modify_time = #{record.modifyTime,jdbcType=TIMESTAMP},
      </if>
    </set>
    <if test="_parameter != null">
      <include refid="Update_By_Example_Where_Clause" />
    </if>
  </update>
  <update id="updateByExample" parameterType="map">
    update track_sum_dm
    set id = #{record.id,jdbcType=BIGINT},
      tag_code = #{record.tagCode,jdbcType=VARCHAR},
      coordinate = #{record.coordinate,jdbcType=VARCHAR},
      time = #{record.time,jdbcType=TIMESTAMP},
      x_axis = #{record.xAxis,jdbcType=DECIMAL},
      y_axis = #{record.yAxis,jdbcType=DECIMAL},
      z_axis = #{record.zAxis,jdbcType=DECIMAL},
      speed = #{record.speed,jdbcType=DECIMAL},
      create_time = #{record.createTime,jdbcType=TIMESTAMP},
      modify_time = #{record.modifyTime,jdbcType=TIMESTAMP}
    <if test="_parameter != null">
      <include refid="Update_By_Example_Where_Clause" />
    </if>
  </update>
  <update id="updateByPrimaryKeySelective" parameterType="com.bozhilin.buildingrobot.trackingpositioning.common.model.TrackSumDm">
    update track_sum_dm
    <set>
      <if test="tagCode != null">
        tag_code = #{tagCode,jdbcType=VARCHAR},
      </if>
      <if test="coordinate != null">
        coordinate = #{coordinate,jdbcType=VARCHAR},
      </if>
      <if test="time != null">
        time = #{time,jdbcType=TIMESTAMP},
      </if>
      <if test="xAxis != null">
        x_axis = #{xAxis,jdbcType=DECIMAL},
      </if>
      <if test="yAxis != null">
        y_axis = #{yAxis,jdbcType=DECIMAL},
      </if>
      <if test="zAxis != null">
        z_axis = #{zAxis,jdbcType=DECIMAL},
      </if>
      <if test="speed != null">
        speed = #{speed,jdbcType=DECIMAL},
      </if>
      <if test="createTime != null">
        create_time = #{createTime,jdbcType=TIMESTAMP},
      </if>
      <if test="modifyTime != null">
        modify_time = #{modifyTime,jdbcType=TIMESTAMP},
      </if>
    </set>
    where id = #{id,jdbcType=BIGINT}
  </update>
  <update id="updateByPrimaryKey" parameterType="com.bozhilin.buildingrobot.trackingpositioning.common.model.TrackSumDm">
    update track_sum_dm
    set tag_code = #{tagCode,jdbcType=VARCHAR},
      coordinate = #{coordinate,jdbcType=VARCHAR},
      time = #{time,jdbcType=TIMESTAMP},
      x_axis = #{xAxis,jdbcType=DECIMAL},
      y_axis = #{yAxis,jdbcType=DECIMAL},
      z_axis = #{zAxis,jdbcType=DECIMAL},
      speed = #{speed,jdbcType=DECIMAL},
      create_time = #{createTime,jdbcType=TIMESTAMP},
      modify_time = #{modifyTime,jdbcType=TIMESTAMP}
    where id = #{id,jdbcType=BIGINT}
  </update>
</mapper>