<?xml version="1.0" encoding="UTF-8"?>
<!DOCTYPE generatorConfiguration
        PUBLIC "-//mybatis.org//DTD MyBatis Generator Configuration 1.0//EN"
        "http://mybatis.org/dtd/mybatis-generator-config_1_0.dtd">

<generatorConfiguration>
    <!--导入属性配置-->
    <properties resource="mybatis-generator-config.properties"/>

    <!-- context 是逆向工程的主要配置信息 -->
    <!-- id：起个名字 -->
    <!-- targetRuntime：设置生成的文件适用于那个 mybatis 版本 -->
    <context id="default" targetRuntime="MyBatis3">
        <property name="beginningDelimiter" value="`"/>
        <property name="endingDelimiter" value="`"/>
        <property name="javaFileEncoding" value="UTF-8"/>

        <!-- 为模型生成序列化方法-->
        <plugin type="org.mybatis.generator.plugins.SerializablePlugin"/>
        <!-- 为生成的Java模型创建一个toString方法 -->
        <plugin type="org.mybatis.generator.plugins.ToStringPlugin"/>
        <!--生成mapper.xml时覆盖原文件-->
        <plugin type="org.mybatis.generator.plugins.UnmergeableXmlMappersPlugin"/>

        <!--可以自定义生成model的代码注释-->
        <commentGenerator type="com.bozhilin.buildingrobot.trackingpositioning.mybatis.generator.CommentGenerator">
            <!-- 是否去除自动生成的注释 true：是 ： false:否 -->
            <property name="suppressAllComments" value="true"/>
            <property name="suppressDate" value="true"/>
            <property name="addRemarkComments" value="true"/>
        </commentGenerator>

        <!--jdbc的数据库连接-->
        <jdbcConnection driverClass="${jdbc.driverClass}"
                        connectionURL="${jdbc.connectionURL}"
                        userId="${jdbc.userId}"
                        password="${jdbc.password}">
            <!--解决mysql驱动升级到8.0后不生成指定数据库代码的问题-->
            <property name="nullCatalogMeansCurrent" value="true"/>
        </jdbcConnection>

        <!--非必须，类型处理器，在数据库类型和java类型之间的转换控制-->
        <javaTypeResolver>
            <!-- 默认情况下数据库中的 decimal，bigInt 在 Java 对应是 sql 下的 BigDecimal 类 -->
            <!-- 不是 double 和 long 类型 -->
            <!-- 使用常用的基本类型代替 sql 包下的引用类型 -->
            <property name="forceBigDecimals" value="false"/>
        </javaTypeResolver>

        <!-- targetPackage：生成的实体类所在的包 -->
        <!-- targetProject：生成的实体类所在的硬盘位置 -->
        <javaModelGenerator targetPackage="${common.targetPackage}.model"
                            targetProject=".\src\main\java">
            <!-- 是否允许子包 -->
            <property name="enableSubPackages" value="true"/>
            <!-- 是否对modal添加构造函数 -->
            <property name="constructorBased" value="false"/>
            <!-- 是否清理从数据库中查询出的字符串左右两边的空白字符 -->
            <property name="trimStrings" value="true"/>
            <!-- 建立modal对象是否不可改变 即生成的modal对象不会有setter方法，只有构造方法 -->
            <property name="immutable" value="false"/>
        </javaModelGenerator>

        <!-- targetPackage 和 targetProject：生成的 mapper 文件的包和位置 -->
        <sqlMapGenerator targetPackage="${common.targetPackage}.mapper"
                         targetProject=".\src\main\resources">
            <!-- 针对数据库的一个配置，是否把 schema 作为字包名 -->
            <property name="enableSubPackages" value="false"/>
        </sqlMapGenerator>

        <!-- targetPackage 和 targetProject：生成的 interface 文件的包和位置 -->
        <javaClientGenerator type="XMLMAPPER"
                             targetPackage="${common.targetPackage}.mapper"
                             targetProject=".\src\main\java">
            <!-- 针对 oracle 数据库的一个配置，是否把 schema 作为字包名 -->
            <property name="enableSubPackages" value="false"/>
        </javaClientGenerator>

        <table tableName="node_%" enableCountByExample="false">
            <!--<property name="rootClass" value=""/>
            <generatedKey column="id" sqlStatement="MySql" identity="true"/>-->
        </table>

        <table tableName="user%" enableCountByExample="false">
            <!--<property name="rootClass" value=""/>
            <generatedKey column="id" sqlStatement="MySql" identity="true"/>-->
        </table>

        <table tableName="role%" enableCountByExample="false">
            <!--<property name="rootClass" value=""/>
            <generatedKey column="id" sqlStatement="MySql" identity="true"/>-->
        </table>

        <table tableName="nav_%" enableCountByExample="false">
            <!--<property name="rootClass" value=""/>
            <generatedKey column="id" sqlStatement="MySql" identity="true"/>-->
        </table>
    </context>
</generatorConfiguration>