<?xml version="1.0" encoding="UTF-8"?>
<configuration>
    <!-- 引入spring的logback配置，例如彩色日志等 -->
    <include resource="org/springframework/boot/logging/logback/defaults.xml"/>
    <include resource="org/springframework/boot/logging/logback/console-appender.xml"/>

    <!-- 设置日志目录位置：logging.path -->
    <property name="LOG_PATH" value="${LOG_PATH:-${LOG_TEMP:-${java.io.tmpdir:-/tmp}}}"/>

    <!-- 应用名称 -->
    <springProperty scope="context" name="APP_NAME" source="spring.application.name" defaultValue="robot_app"/>
    <!-- 历史日志目录位置，默认为实时日志目录 -->
    <springProperty scope="context" name="LOG_HIS_PATH" source="logging.hisPath" defaultValue="${LOG_PATH}"/>


    <!-- 业务日志 appender -->
    <appender name="FILE" class="ch.qos.logback.core.rolling.RollingFileAppender">
        <file>${LOG_PATH}/${APP_NAME}.log</file>
        <encoder>
            <pattern>%d{yyyy-MM-dd HH:mm:ss.SSS} %5p ${PID:- } --- [%t] %logger : %m%n</pattern>
        </encoder>

        <rollingPolicy class="ch.qos.logback.core.rolling.SizeAndTimeBasedRollingPolicy">
            <fileNamePattern>${LOG_HIS_PATH}/%d{yyyy/MM/dd,aux}/${APP_NAME}-%d{yyyyMMddHHmm}_%i.log.gz</fileNamePattern>
            <maxFileSize>100MB</maxFileSize>
            <maxHistory>7</maxHistory>
            <totalSizeCap>3GB</totalSizeCap>
        </rollingPolicy>
    </appender>

    <!-- warn日志 appender -->
    <appender name="WARN_OUT" class="ch.qos.logback.core.rolling.RollingFileAppender">
        <file>${LOG_PATH}/${APP_NAME}_warn.log</file>
        <!-- 日志格式 -->
        <encoder>
            <pattern>%d{yyyy-MM-dd HH:mm:ss} %-5level [%class:%line] %logger - %msg%n</pattern>
        </encoder>
        <!-- 日志级别过滤器 -->
        <filter class="ch.qos.logback.classic.filter.LevelFilter">
            <!-- 过滤的级别 -->
            <level>WARN</level>
            <!-- 匹配时的操作：接收（记录） -->
            <onMatch>ACCEPT</onMatch>
            <!-- 不匹配时的操作：拒绝（不记录） -->
            <onMismatch>DENY</onMismatch>
        </filter>
        <rollingPolicy class="ch.qos.logback.core.rolling.TimeBasedRollingPolicy">
            <!-- 按天回滚 daily -->
            <fileNamePattern>${LOG_HIS_PATH}/${APP_NAME}_warn-%d{yyyyMMddHHmm}.log</fileNamePattern>
            <!-- 最大保存时间：30天-->
            <maxHistory>30</maxHistory>
        </rollingPolicy>
    </appender>

    <!-- error日志 appender -->
    <appender name="ERROR_OUT" class="ch.qos.logback.core.rolling.RollingFileAppender">
        <file>${LOG_PATH}/${APP_NAME}_error.log</file>
        <!-- 日志格式 -->
        <encoder>
            <pattern>%d{yyyy-MM-dd HH:mm:ss} [%class:%line] %-5level %logger - %msg%n</pattern>
        </encoder>
        <!-- 日志级别过滤器 -->
        <filter class="ch.qos.logback.classic.filter.LevelFilter">
            <!-- 过滤的级别 -->
            <level>ERROR</level>
            <!-- 匹配时的操作：接收（记录） -->
            <onMatch>ACCEPT</onMatch>
            <!-- 不匹配时的操作：拒绝（不记录） -->
            <onMismatch>DENY</onMismatch>
        </filter>
        <rollingPolicy class="ch.qos.logback.core.rolling.TimeBasedRollingPolicy">
            <!-- 按天回滚 daily -->
            <fileNamePattern>${LOG_HIS_PATH}/${APP_NAME}_error-%d{yyyyMMdd}.log</fileNamePattern>
            <!-- 最大保存时间：30天-->
            <maxHistory>30</maxHistory>
        </rollingPolicy>
    </appender>

    <!--
    <logger name="org.testMybatis" level="DEBUG" />
    <logger name="java.sql.Connection" level="DEBUG" />
    <logger name="java.sql.Statement" level="DEBUG" />
    <logger name="java.sql.PreparedStatement" level="DEBUG" />
    <logger name="java.sql.ResultSet" level="DEBUG" />
    <logger name="backend" level="DEBUG"/>
    -->

    <!-- 基于INFO级别处理日志：具体控制台或者文件对日志级别的处理还要看所在appender配置的filter，如果没有配置filter，则使用root配置 -->
    <!-- dev 开发环境，至打印日志到控制台 -->
    <springProfile name="dev">
        <root level="INFO">
            <appender-ref ref="CONSOLE"/>
        </root>
    </springProfile>
    <!-- test,prod 测试/生产环境将日志写入文件不打印控制台 -->
    <springProfile name="test,prod">
        <root level="INFO">
            <appender-ref ref="FILE"/>
            <appender-ref ref="WARN_OUT"/>
            <appender-ref ref="ERROR_OUT"/>
        </root>
    </springProfile>
</configuration>