<?xml version="1.0" encoding="UTF-8"?>
<configuration>
    <!--<include resource="org/springframework/boot/logging/logback/base.xml"/>-->
    <!-- 控制台日志 -->
    <appender name="STDOUT" class="ch.qos.logback.core.ConsoleAppender">
        <encoder>
            <pattern>%d{yyyy-MM-dd HH:mm:ss} [%class:%line] %-5level - %msg%n</pattern>
            <charset>UTF-8</charset> <!-- 此处设置字符集 -->
        </encoder>
    </appender>

    <!-- warn日志 appender -->
    <appender name="WARN_OUT" class="ch.qos.logback.core.rolling.RollingFileAppender">
        <file>/var/www/logs/warn.log</file>
        <!-- 日志格式 -->
        <encoder>
            <pattern>%d{yyyy-MM-dd HH:mm:ss} [%class:%line] %-5level %logger - %msg%n</pattern>
        </encoder>
        <!-- 日志级别过滤器 -->
        <filter class="ch.qos.logback.classic.filter.LevelFilter">
            <!-- 过滤的级别 -->
            <level>WARN</level>
            <!-- 匹配时的操作：接收（记录） -->
            <onMatch>ACCEPT</onMatch>
            <!-- 不匹配时的操作：拒绝（不记录） -->
            <onMismatch>DENY</onMismatch>
        </filter>
        <rollingPolicy class="ch.qos.logback.core.rolling.TimeBasedRollingPolicy">
            <!-- 按天回滚 daily -->
            <fileNamePattern>/var/www/logs/warn-%d{yyyy-MM-dd HH:mm:ss}.log</fileNamePattern>
            <!-- 最大保存时间：30天-->
            <maxHistory>30</maxHistory>
        </rollingPolicy>
    </appender>

    <!-- error日志 appender -->
    <appender name="ERROR_OUT" class="ch.qos.logback.core.rolling.RollingFileAppender">
        <file>/var/www/logs/error.log</file>
        <!-- 日志格式 -->
        <encoder>
            <pattern>%d{yyyy-MM-dd HH:mm:ss} [%class:%line] %-5level %logger - %msg%n</pattern>
        </encoder>
        <!-- 日志级别过滤器 -->
        <filter class="ch.qos.logback.classic.filter.LevelFilter">
            <!-- 过滤的级别 -->
            <level>ERROR</level>
            <!-- 匹配时的操作：接收（记录） -->
            <onMatch>ACCEPT</onMatch>
            <!-- 不匹配时的操作：拒绝（不记录） -->
            <onMismatch>DENY</onMismatch>
        </filter>
        <rollingPolicy class="ch.qos.logback.core.rolling.TimeBasedRollingPolicy">
            <!-- 按天回滚 daily -->
            <fileNamePattern>/var/www/logs/error-%d{yyyy-MM-dd}.log</fileNamePattern>
            <!-- 最大保存时间：30天-->
            <maxHistory>30</maxHistory>
        </rollingPolicy>
    </appender>
    <!--
    <logger name="org.testMybatis" level="DEBUG" />
    <logger name="java.sql.Connection" level="DEBUG" />
    <logger name="java.sql.Statement" level="DEBUG" />
    <logger name="java.sql.PreparedStatement" level="DEBUG" />
    <logger name="java.sql.ResultSet" level="DEBUG" />
    <logger name="backend" level="DEBUG"/>
    -->
    <!-- 基于INFO级别处理日志：具体控制台或者文件对日志级别的处理还要看所在appender配置的filter，如果没有配置filter，则使用root配置 -->
    <root level="INFO">
        <appender-ref ref="STDOUT"/>
        <appender-ref ref="WARN_OUT"/>
        <appender-ref ref="ERROR_OUT"/>
    </root>
</configuration>