<?xml version="1.0" encoding="UTF-8"?>
<!DOCTYPE mapper PUBLIC "-//mybatis.org//DTD Mapper 3.0//EN" "http://mybatis.org/dtd/mybatis-3-mapper.dtd">
<mapper namespace="com.bozhilin.buildingrobot.trackingpositioning.auth.dao.UserRoleDao">
    <!--批量新增回写主键支持-->
    <insert id="insertList">
        INSERT INTO user_role (user_id, role_id) VALUES
        <foreach collection="list" separator="," item="item" index="index">
            (#{item.userId,jdbcType=BIGINT},
            #{item.roleId,jdbcType=BIGINT})
        </foreach>
    </insert>
    <select id="getRoleList" resultMap="com.bozhilin.buildingrobot.trackingpositioning.common.mapper.RoleMapper.BaseResultMap">
        select r.*
        from user_role ar left join role r on ar.role_id = r.id
        where ar.user_id = #{userId}
    </select>
    <select id="getRolePermissionList" resultMap="com.bozhilin.buildingrobot.trackingpositioning.common.mapper.PermissionMapper.BaseResultMap">
        select p.*
        from user_role ar left join role r on ar.role_id = r.id
            left join role_permission rp on r.id = rp.role_id
            left join permission p on rp.permission_id=p.id
            where ar.user_id = #{userId} and p.id is not null
    </select>
    <select id="getPermissionList" resultMap="com.bozhilin.buildingrobot.trackingpositioning.common.mapper.PermissionMapper.BaseResultMap">
        SELECT
            p.*
        FROM
            user_role ar
            LEFT JOIN role r ON ar.role_id = r.id
            LEFT JOIN role_permission rp ON r.id = rp.role_id
            LEFT JOIN permission p ON rp.permission_id = p.id
        WHERE
            ar.user_id = #{userId}
            AND p.id IS NOT NULL
            AND p.id NOT IN (
                SELECT
                    p.id
                FROM
                    user_permission pr
                    LEFT JOIN permission p ON pr.permission_id = p.id
                WHERE
                    pr.type = - 1
                    AND pr.user_id = #{userId}
            )
        UNION
        SELECT
            p.*
        FROM
            user_permission pr
            LEFT JOIN permission p ON pr.permission_id = p.id
        WHERE
            pr.type = 1
            AND pr.user_id = #{userId}
    </select>
</mapper>